store_id,product_id,quantity
1,1,82
2,1,88
3,1,110
4,1,130
5,1,157
1,2,148
2,2,167
3,2,153
4,2,171
5,2,163
1,3,155
2,3,162
3,3,160
4,3,167
5,3,149
1,4,153
2,4,166
3,4,169
4,4,152
5,4,150
1,5,146
2,5,156
3,5,166
4,5,146
5,5,156
1,6,149
2,6,164
3,6,157
4,6,172
5,6,144
1,7,163
2,7,142
3,7,147
4,7,165
5,7,155
1,8,170
2,8,153
3,8,155
4,8,153
5,8,166
1,9,150
2,9,157
3,9,167
4,9,160
5,9,169
1,10,144
2,10,148
3,10,146
4,10,158
5,10,148
1,11,150
2,11,158
3,11,159
4,11,143
5,11,143
1,12,164
2,12,172
3,12,151
4,12,165
5,12,162
1,13,144
2,13,153
3,13,158
4,13,151
5,13,152
1,14,148
2,14,165
3,14,169
4,14,161
5,14,144
1,15,172
2,15,160
3,15,151
4,15,152
5,15,149
1,16,157
2,16,160
3,16,163
4,16,153
5,16,158
1,17,172
2,17,149
3,17,170
4,17,165
5,17,166
1,18,153
2,18,171
3,18,151
4,18,172
5,18,158
1,19,150
2,19,153
3,19,158
4,19,153
5,19,157
1,20,158
2,20,149
3,20,150
4,20,159
5,20,142
1,21,149
2,21,149
3,21,148
4,21,166
5,21,159
1,22,149
2,22,149
3,22,164
4,22,171
5,22,151
1,23,163
2,23,169
3,23,161
4,23,146
5,23,168
1,24,164
2,24,169
3,24,144
4,24,150
5,24,144
1,25,163
2,25,157
3,25,163
4,25,153
5,25,163
1,26,153
2,26,142
3,26,158
4,26,136
5,26,152
1,27,122
2,27,142
3,27,120
4,27,133
5,27,132
1,28,139
2,28,129
3,28,133
4,28,122
5,28,130
1,29,112
2,29,125
3,29,138
4,29,113
5,29,112
1,30,126
2,30,141
3,30,117
4,30,140
5,30,123
1,31,134
2,31,114
3,31,112
4,31,139
5,31,142
1,32,119
2,32,126
3,32,123
4,32,139
5,32,138
1,33,134
2,33,124
3,33,119
4,33,124
5,33,133
1,34,133
2,34,125
3,34,122
4,34,134
5,34,137
1,35,112
2,35,137
3,35,120
4,35,134
5,35,135
1,36,115
2,36,134
3,36,113
4,36,132
5,36,140
1,37,127
2,37,118
3,37,117
4,37,125
5,37,137
1,38,113
2,38,139
3,38,112
4,38,139
5,38,114
1,39,123
2,39,122
3,39,114
4,39,116
5,39,126
1,40,125
2,40,136
3,40,117
4,40,119
5,40,140
1,41,119
2,41,138
3,41,120
4,41,133
5,41,118
1,42,135
2,42,129
3,42,133
4,42,123
5,42,123
1,43,140
2,43,132
3,43,114
4,43,125
5,43,137
1,44,119
2,44,113
3,44,135
4,44,126
5,44,116
1,45,128
2,45,126
3,45,127
4,45,129
5,45,130
1,46,142
2,46,134
3,46,132
4,46,135
5,46,113
1,47,116
2,47,132
3,47,114
4,47,132
5,47,120
1,48,131
2,48,122
3,48,116
4,48,142
5,48,139
1,49,117
2,49,117
3,49,130
4,49,132
5,49,124
1,50,125
2,50,122
3,50,139
4,50,115
5,50,114
1,51,128
2,51,119
3,51,130
4,51,137
5,51,122
1,52,137
2,52,136
3,52,118
4,52,141
5,52,132
1,53,115
2,53,136
3,53,137
4,53,152
5,53,140
1,54,121
2,54,122
3,54,134
4,54,114
5,54,117
1,55,130
2,55,114
3,55,135
4,55,133
5,55,120
1,56,117
2,56,114
3,56,141
4,56,123
5,56,120
1,57,137
2,57,140
3,57,142
4,57,117
5,57,113
1,58,117
2,58,132
3,58,142
4,58,132
5,58,128
1,59,130
2,59,142
3,59,127
4,59,119
5,59,118
1,60,120
2,60,136
3,60,133
4,60,113
5,60,116
1,61,139
2,61,115
3,61,127
4,61,142
5,61,130
1,62,126
2,62,136
3,62,116
4,62,112
5,62,135
1,63,131
2,63,132
3,63,123
4,63,139
5,63,139
1,64,134
2,64,124
3,64,152
4,64,123
5,64,147
1,65,149
2,65,140
3,65,138
4,65,133
5,65,132
1,66,141
2,66,132
3,66,140
4,66,148
5,66,123
1,67,123
2,67,146
3,67,143
4,67,147
5,67,144
1,68,129
2,68,138
3,68,141
4,68,133
5,68,151
1,69,152
2,69,137
3,69,152
4,69,143
5,69,147
1,70,124
2,70,134
3,70,143
4,70,134
5,70,130
1,71,126
2,71,130
3,71,129
4,71,126
5,71,149
1,72,130
2,72,152
3,72,125
4,72,131
5,72,124
1,73,127
2,73,150
3,73,143
4,73,132
5,73,142
1,74,151
2,74,139
3,74,147
4,74,134
5,74,135
1,75,124
2,75,133
3,75,123
4,75,145
5,75,126
1,76,152
2,76,150
3,76,139
4,76,132
5,76,151
1,77,150
2,77,144
3,77,142
4,77,140
5,77,135
1,78,138
2,78,137
3,78,150
4,78,147
5,78,136
1,79,141
2,79,128
3,79,122
4,79,132
5,79,129
1,80,141
2,80,132
3,80,134
4,80,144
5,80,129
1,81,152
2,81,133
3,81,146
4,81,135
5,81,150
1,82,136
2,82,147
3,82,147
4,82,127
5,82,147
1,83,134
2,83,140
3,83,127
4,83,129
5,83,126
1,84,132
2,84,130
3,84,134
4,84,122
5,84,126
1,85,136
2,85,125
3,85,144
4,85,129
5,85,144
1,86,129
2,86,142
3,86,145
4,86,142
5,86,149
1,87,142
2,87,130
3,87,138
4,87,152
5,87,137
1,88,130
2,88,144
3,88,145
4,88,128
5,88,123
1,89,151
2,89,139
3,89,129
4,89,150
5,89,152
1,90,139
2,90,133
3,90,138
4,90,132
5,90,136
1,91,127
2,91,131
3,91,126
4,91,147
5,91,147
1,92,148
2,92,136
3,92,124
4,92,152
5,92,136
1,93,131
2,93,131
3,93,127
4,93,128
5,93,136
1,94,150
2,94,134
3,94,125
4,94,138
5,94,143
1,95,128
2,95,152
3,95,125
4,95,134
5,95,134
1,96,149
2,96,152
3,96,131
4,96,147
5,96,137
1,97,140
2,97,136
3,97,144
4,97,122
5,97,150
1,98,125
2,98,135
3,98,148
4,98,122
5,98,141
1,99,147
2,99,133
3,99,139
4,99,140
5,99,147
1,100,150
2,100,150
3,100,152
4,100,136
5,100,152
1,101,132
2,101,134
3,101,140
4,101,148
5,101,151
1,102,147
2,102,139
3,102,147
4,102,128
5,102,146
1,103,126
2,103,140
3,103,139
4,103,124
5,103,127
1,104,141
2,104,141
3,104,152
4,104,151
5,104,148
1,105,130
2,105,143
3,105,135
4,105,146
5,105,134
1,106,138
2,106,128
3,106,130
4,106,129
5,106,123
1,107,148
2,107,136
3,107,127
4,107,133
5,107,150
1,108,136
2,108,133
3,108,151
4,108,142
5,108,128
1,109,143
2,109,136
3,109,147
4,109,143
5,109,137
1,110,138
2,110,131
3,110,141
4,110,149
5,110,136
1,111,143
2,111,148
3,111,152
4,111,146
5,111,126
1,112,140
2,112,138
3,112,142
4,112,128
5,112,148
1,113,127
2,113,124
3,113,122
4,113,125
5,113,151
1,114,130
2,114,151
3,114,146
4,114,143
5,114,134
1,115,143
2,115,134
3,115,151
4,115,149
5,115,124
1,116,144
2,116,122
3,116,138
4,116,125
5,116,125
1,117,123
2,117,137
3,117,122
4,117,148
5,117,136
1,118,136
2,118,136
3,118,124
4,118,143
5,118,138
1,119,149
2,119,125
3,119,140
4,119,125
5,119,151
1,120,124
2,120,140
3,120,133
4,120,139
5,120,133
1,121,142
2,121,125
3,121,123
4,121,143
5,121,125
1,122,122
2,122,129
3,122,142
4,122,144
5,122,143
1,123,132
2,123,142
3,123,152
4,123,138
5,123,123
1,124,132
2,124,146
3,124,132
4,124,144
5,124,137
1,125,139
2,125,144
3,125,123
4,125,122
5,125,120
1,126,122
2,126,114
3,126,118
4,126,115
5,126,100
1,127,107
2,127,93
3,127,92
4,127,115
5,127,103
1,128,121
2,128,99
3,128,97
4,128,103
5,128,103
1,129,106
2,129,99
3,129,111
4,129,106
5,129,103
1,130,120
2,130,99
3,130,107
4,130,120
5,130,109
1,131,104
2,131,117
3,131,115
4,131,100
5,131,95
1,132,120
2,132,122
3,132,112
4,132,105
5,132,118
1,133,114
2,133,116
3,133,115
4,133,115
5,133,113
1,134,116
2,134,99
3,134,100
4,134,100
5,134,101
1,135,118
2,135,117
3,135,118
4,135,105
5,135,96
1,136,107
2,136,95
3,136,116
4,136,117
5,136,111
1,137,122
2,137,115
3,137,94
4,137,109
5,137,107
1,138,122
2,138,112
3,138,121
4,138,109
5,138,101
1,139,104
2,139,107
3,139,104
4,139,113
5,139,113
1,140,121
2,140,106
3,140,94
4,140,97
5,140,120
1,141,98
2,141,96
3,141,116
4,141,112
5,141,101
1,142,102
2,142,94
3,142,111
4,142,103
5,142,104
1,143,104
2,143,107
3,143,102
4,143,117
5,143,116
1,144,92
2,144,96
3,144,96
4,144,104
5,144,122
1,145,109
2,145,97
3,145,97
4,145,105
5,145,118
1,146,111
2,146,121
3,146,102
4,146,99
5,146,111
1,147,110
2,147,108
3,147,103
4,147,97
5,147,92
1,148,109
2,148,114
3,148,105
4,148,108
5,148,119
1,149,95
2,149,103
3,149,97
4,149,101
5,149,103
1,150,107
2,150,96
3,150,119
4,150,115
5,150,114
1,151,109
2,151,92
3,151,111
4,151,100
5,151,117
1,152,104
2,152,102
3,152,99
4,152,103
5,152,103
1,153,95
2,153,95
3,153,121
4,153,110
5,153,119
1,154,104
2,154,103
3,154,93
4,154,94
5,154,122
1,155,92
2,155,101
3,155,118
4,155,119
5,155,107
1,156,100
2,156,109
3,156,113
4,156,111
5,156,109
1,157,94
2,157,115
3,157,120
4,157,111
5,157,94
1,158,112
2,158,94
3,158,97
4,158,93
5,158,93
1,159,112
2,159,114
3,159,97
4,159,114
5,159,119
1,160,120
2,160,116
3,160,95
4,160,95
5,160,108
1,161,115
2,161,118
3,161,97
4,161,120
5,161,102
1,162,101
2,162,111
3,162,112
4,162,120
5,162,102
1,163,101
2,163,101
3,163,121
4,163,110
5,163,118
1,164,114
2,164,112
3,164,117
4,164,113
5,164,93
1,165,115
2,165,113
3,165,92
4,165,104
5,165,113
1,166,120
2,166,107
3,166,114
4,166,95
5,166,114
1,167,107
2,167,122
3,167,97
4,167,114
5,167,108
1,168,103
2,168,92
3,168,110
4,168,93
5,168,103
1,169,122
2,169,93
3,169,117
4,169,99
5,169,122
1,170,122
2,170,115
3,170,96
4,170,111
5,170,122
1,171,106
2,171,115
3,171,103
4,171,111
5,171,117
1,172,98
2,172,101
3,172,98
4,172,107
5,172,104
1,173,100
2,173,108
3,173,99
4,173,92
5,173,104
1,174,105
2,174,121
3,174,120
4,174,122
5,174,96
1,175,114
2,175,103
3,175,104
4,175,114
5,175,99
1,176,120
2,176,115
3,176,100
4,176,116
5,176,119
1,177,96
2,177,99
3,177,94
4,177,114
5,177,122
1,178,100
2,178,99
3,178,95
4,178,115
5,178,101
1,179,112
2,179,116
3,179,115
4,179,115
5,179,97
1,180,98
2,180,106
3,180,104
4,180,97
5,180,113
1,181,107
2,181,97
3,181,114
4,181,92
5,181,112
1,182,103
2,182,110
3,182,119
4,182,104
5,182,109
1,183,92
2,183,122
3,183,93
4,183,107
5,183,104
1,184,94
2,184,102
3,184,105
4,184,120
5,184,94
1,185,109
2,185,112
3,185,102
4,185,92
5,185,93
1,186,104
2,186,100
3,186,102
4,186,117
5,186,96
1,187,120
2,187,103
3,187,118
4,187,105
5,187,120
1,188,98
2,188,99
3,188,114
4,188,110
5,188,102
1,189,117
2,189,120
3,189,104
4,189,122
5,189,120
1,190,104
2,190,112
3,190,94
4,190,93
5,190,112
1,191,107
2,191,106
3,191,104
4,191,115
5,191,105
1,192,97
2,192,122
3,192,118
4,192,93
5,192,107
1,193,110
2,193,112
3,193,103
4,193,93
5,193,117
1,194,111
2,194,101
3,194,112
4,194,99
5,194,111
1,195,99
2,195,108
3,195,119
4,195,107
5,195,92
1,196,97
2,196,108
3,196,120
4,196,110
5,196,99
1,197,111
2,197,120
3,197,97
4,197,113
5,197,102
1,198,110
2,198,98
3,198,113
4,198,92
5,198,114
1,199,108
2,199,96
3,199,97
4,199,116
5,199,122
1,200,108
2,200,109
3,200,120
4,200,112
5,200,116
1,201,115
2,201,107
3,201,107
4,201,93
5,201,120
1,202,103
2,202,116
3,202,95
4,202,117
5,202,117
1,203,108
2,203,121
3,203,94
4,203,117
5,203,97
1,204,101
2,204,108
3,204,110
4,204,117
5,204,104
1,205,97
2,205,96
3,205,94
4,205,105
5,205,97
1,206,101
2,206,107
3,206,112
4,206,103
5,206,96
1,207,113
2,207,121
3,207,97
4,207,98
5,207,100
1,208,120
2,208,101
3,208,100
4,208,113
5,208,92
1,209,108
2,209,113
3,209,113
4,209,103
5,209,106
1,210,98
2,210,122
3,210,118
4,210,94
5,210,114
1,211,94
2,211,96
3,211,119
4,211,120
5,211,114
1,212,108
2,212,122
3,212,116
4,212,106
5,212,112
1,213,113
2,213,112
3,213,103
4,213,120
5,213,112
1,214,98
2,214,102
3,214,107
4,214,94
5,214,112
1,215,108
2,215,93
3,215,105
4,215,109
5,215,108
1,216,109
2,216,96
3,216,94
4,216,118
5,216,107
1,217,106
2,217,100
3,217,106
4,217,100
5,217,114
1,218,115
2,218,97
3,218,104
4,218,122
5,218,98
1,219,112
2,219,101
3,219,98
4,219,92
5,219,121
1,220,110
2,220,95
3,220,98
4,220,118
5,220,99
1,221,115
2,221,96
3,221,98
4,221,94
5,221,122
1,222,106
2,222,108
3,222,105
4,222,95
5,222,103
1,223,98
2,223,106
3,223,121
4,223,93
5,223,102
1,224,109
2,224,120
3,224,98
4,224,114
5,224,97
1,225,106
2,225,102
3,225,111
4,225,101
5,225,96
1,226,94
2,226,105
3,226,106
4,226,95
5,226,117
1,227,98
2,227,107
3,227,99
4,227,95
5,227,106
1,228,114
2,228,92
3,228,111
4,228,117
5,228,122
1,229,121
2,229,98
3,229,108
4,229,112
5,229,101
1,230,107
2,230,95
3,230,116
4,230,118
5,230,97
1,231,102
2,231,98
3,231,109
4,231,108
5,231,106
1,232,100
2,232,99
3,232,101
4,232,111
5,232,104
1,233,110
2,233,106
3,233,108
4,233,97
5,233,108
1,234,118
2,234,115
3,234,111
4,234,107
5,234,98
1,235,114
2,235,97
3,235,98
4,235,110
5,235,95
1,236,116
2,236,115
3,236,113
4,236,99
5,236,104
1,237,95
2,237,109
3,237,103
4,237,102
5,237,122
1,238,107
2,238,103
3,238,113
4,238,107
5,238,117
1,239,94
2,239,97
3,239,104
4,239,119
5,239,110
1,240,99
2,240,120
3,240,117
4,240,93
5,240,114
1,241,119
2,241,121
3,241,120
4,241,112
5,241,120
1,242,117
2,242,99
3,242,101
4,242,109
5,242,105
1,243,94
2,243,97
3,243,122
4,243,110
5,243,92
1,244,111
2,244,98
3,244,98
4,244,117
5,244,117
1,245,98
2,245,94
3,245,96
4,245,108
5,245,109
1,246,105
2,246,113
3,246,94
4,246,104
5,246,117
1,247,111
2,247,98
3,247,94
4,247,110
5,247,120
1,248,120
2,248,104
3,248,113
4,248,115
5,248,106
1,249,92
2,249,114
3,249,112
4,249,121
5,249,102
1,250,100
2,250,114
3,250,113
4,250,108
5,250,110
1,251,112
2,251,99
3,251,116
4,251,100
5,251,121
1,252,116
2,252,109
3,252,119
4,252,95
5,252,109
1,253,115
2,253,111
3,253,103
4,253,98
5,253,98
1,254,101
2,254,95
3,254,116
4,254,117
5,254,96
1,255,118
2,255,98
3,255,101
4,255,96
5,255,109
1,256,108
2,256,122
3,256,119
4,256,97
5,256,97
1,257,117
2,257,99
3,257,92
4,257,102
5,257,111
1,258,110
2,258,111
3,258,101
4,258,100
5,258,121
1,259,120
2,259,114
3,259,112
4,259,107
5,259,100
1,260,115
2,260,111
3,260,122
4,260,103
5,260,105
1,261,116
2,261,106
3,261,94
4,261,105
5,261,104
1,262,94
2,262,121
3,262,110
4,262,122
5,262,98
1,263,112
2,263,105
3,263,118
4,263,122
5,263,99
1,264,114
2,264,121
3,264,94
4,264,113
5,264,118
1,265,120
2,265,96
3,265,115
4,265,104
5,265,97
1,266,122
2,266,112
3,266,118
4,266,117
5,266,120
1,267,119
2,267,113
3,267,98
4,267,102
5,267,103
1,268,97
2,268,101
3,268,105
4,268,106
5,268,112
1,269,106
2,269,97
3,269,122
4,269,95
5,269,113
1,270,121
2,270,114
3,270,110
4,270,101
5,270,117
1,271,92
2,271,102
3,271,100
4,271,114
5,271,107
1,272,117
2,272,111
3,272,122
4,272,122
5,272,101
1,273,105
2,273,122
3,273,99
4,273,121
5,273,119
1,274,121
2,274,112
3,274,106
4,274,109
5,274,113
1,275,122
2,275,109
3,275,99
4,275,117
5,275,122
1,276,121
2,276,118
3,276,113
4,276,118
5,276,96
1,277,102
2,277,118
3,277,122
4,277,94
5,277,108
1,278,108
2,278,100
3,278,111
4,278,117
5,278,98
1,279,102
2,279,92
3,279,110
4,279,112
5,279,97
1,280,97
2,280,122
3,280,103
4,280,102
5,280,92
1,281,118
2,281,110
3,281,103
4,281,99
5,281,121
1,282,112
2,282,119
3,282,103
4,282,118
5,282,121
1,283,108
2,283,109
3,283,100
4,283,113
5,283,113
1,284,98
2,284,112
3,284,96
4,284,105
5,284,113
1,285,95
2,285,113
3,285,105
4,285,110
5,285,121
1,286,95
2,286,120
3,286,93
4,286,121
5,286,94
1,287,105
2,287,100
3,287,108
4,287,115
5,287,92
1,288,117
2,288,94
3,288,115
4,288,120
5,288,95
1,289,94
2,289,115
3,289,93
4,289,117
5,289,93
1,290,101
2,290,121
3,290,100
4,290,94
5,290,92
1,291,97
2,291,103
3,291,106
4,291,112
5,291,106
1,292,99
2,292,113
3,292,96
4,292,122
5,292,106
1,293,93
2,293,111
3,293,96
4,293,119
5,293,113
1,294,118
2,294,118
3,294,112
4,294,118
5,294,119
1,295,92
2,295,112
3,295,104
4,295,110
5,295,110
1,296,122
2,296,113
3,296,98
4,296,116
5,296,121
1,297,112
2,297,113
3,297,103
4,297,117
5,297,110
1,298,96
2,298,103
3,298,108
4,298,94
5,298,109
1,299,100
2,299,116
3,299,122
4,299,101
5,299,112
1,300,96
2,300,93
3,300,108
4,300,94
5,300,93
1,301,117
2,301,105
3,301,118
4,301,113
5,301,95
1,302,97
2,302,113
3,302,102
4,302,102
5,302,99
1,303,118
2,303,107
3,303,104
4,303,103
5,303,114
1,304,100
2,304,94
3,304,93
4,304,102
5,304,102
1,305,117
2,305,103
3,305,121
4,305,102
5,305,122
1,306,105
2,306,111
3,306,112
4,306,107
5,306,93
1,307,95
2,307,92
3,307,118
4,307,110
5,307,116
1,308,102
2,308,94
3,308,94
4,308,119
5,308,114
1,309,115
2,309,109
3,309,104
4,309,122
5,309,109
1,310,99
2,310,113
3,310,99
4,310,94
5,310,93
1,311,98
2,311,92
3,311,108
4,311,119
5,311,127
1,312,136
2,312,112
3,312,126
4,312,133
5,312,122
1,313,138
2,313,110
3,313,129
4,313,139
5,313,112
1,314,132
2,314,130
3,314,114
4,314,112
5,314,140
1,315,115
2,315,125
3,315,111
4,315,123
5,315,111
1,316,122
2,316,130
3,316,128
4,316,132
5,316,135
1,317,115
2,317,114
3,317,132
4,317,137
5,317,137
1,318,117
2,318,138
3,318,120
4,318,134
5,318,128
1,319,113
2,319,126
3,319,113
4,319,123
5,319,126
1,320,122
2,320,133
3,320,129
4,320,136
5,320,121
1,321,115
2,321,125
3,321,138
4,321,124
5,321,120
1,322,131
2,322,119
3,322,123
4,322,129
5,322,129
1,323,130
2,323,129
3,323,138
4,323,137
5,323,120
1,324,131
2,324,119
3,324,114
4,324,119
5,324,128
1,325,139
2,325,125
3,325,128
4,325,138
5,325,136
1,326,123
2,326,132
3,326,111
4,326,130
5,326,111
1,327,135
2,327,132
3,327,131
4,327,112
5,327,111
1,328,120
2,328,133
3,328,132
4,328,131
5,328,134
1,329,110
2,329,119
3,329,122
4,329,127
5,329,131
1,330,132
2,330,138
3,330,137
4,330,125
5,330,135
1,331,132
2,331,114
3,331,113
4,331,140
5,331,132
1,332,135
2,332,125
3,332,126
4,332,140
5,332,117
1,333,115
2,333,140
3,333,132
4,333,123
5,333,126
1,334,110
2,334,121
3,334,132
4,334,110
5,334,129
1,335,128
2,335,128
3,335,111
4,335,112
5,335,121
1,336,135
2,336,140
3,336,128
4,336,111
5,336,139
1,337,135
2,337,114
3,337,117
4,337,128
5,337,140
1,338,118
2,338,140
3,338,120
4,338,133
5,338,125
1,339,114
2,339,137
3,339,129
4,339,130
5,339,140
1,340,132
2,340,124
3,340,133
4,340,133
5,340,131
1,341,121
2,341,120
3,341,129
4,341,112
5,341,135
1,342,133
2,342,116
3,342,132
4,342,119
5,342,112
1,343,116
2,343,127
3,343,125
4,343,118
5,343,122
1,344,113
2,344,118
3,344,136
4,344,126
5,344,131
1,345,117
2,345,127
3,345,110
4,345,125
5,345,122
1,346,132
2,346,123
3,346,113
4,346,139
5,346,118
1,347,138
2,347,140
3,347,140
4,347,120
5,347,114
1,348,111
2,348,132
3,348,112
4,348,121
5,348,118
1,349,122
2,349,134
3,349,132
4,349,133
5,349,117
1,350,130
2,350,138
3,350,127
4,350,133
5,350,114
1,351,118
2,351,118
3,351,134
4,351,138
5,351,137
1,352,138
2,352,114
3,352,125
4,352,117
5,352,118
1,353,112
2,353,119
3,353,132
4,353,129
5,353,140
1,354,125
2,354,118
3,354,140
4,354,117
5,354,113
1,355,113
2,355,114
3,355,133
4,355,116
5,355,119
1,356,116
2,356,130
3,356,124
4,356,134
5,356,112
1,357,133
2,357,138
3,357,133
4,357,125
5,357,115
1,358,115
2,358,116
3,358,137
4,358,124
5,358,138
1,359,122
2,359,132
3,359,115
4,359,110
5,359,131
1,360,123
2,360,125
3,360,116
4,360,115
5,360,120
1,361,132
2,361,130
3,361,110
4,361,113
5,361,130
1,362,135
2,362,121
3,362,138
4,362,128
5,362,139
1,363,137
2,363,117
3,363,122
4,363,124
5,363,127
1,364,111
2,364,110
3,364,136
4,364,140
5,364,135
1,365,111
2,365,134
3,365,125
4,365,123
5,365,122
1,366,137
2,366,112
3,366,115
4,366,120
5,366,123
1,367,123
2,367,132
3,367,138
4,367,131
5,367,112
1,368,110
2,368,127
3,368,115
4,368,130
5,368,121
1,369,120
2,369,127
3,369,110
4,369,129
5,369,111
1,370,137
2,370,122
3,370,125
4,370,118
5,370,133
1,371,120
2,371,135
3,371,135
4,371,120
5,371,114
1,372,112
2,372,138
3,372,116
4,372,121
5,372,140
1,373,136
2,373,129
3,373,123
4,373,126
5,373,138
1,374,121
2,374,116
3,374,120
4,374,117
5,374,127
1,375,132
2,375,130
3,375,128
4,375,136
5,375,120
1,376,120
2,376,135
3,376,138
4,376,138
5,376,139
1,377,122
2,377,127
3,377,140
4,377,126
5,377,138
1,378,112
2,378,122
3,378,133
4,378,130
5,378,132
1,379,112
2,379,113
3,379,111
4,379,116
5,379,130
1,380,114
2,380,125
3,380,127
4,380,124
5,380,128
1,381,122
2,381,116
3,381,133
4,381,118
5,381,123
1,382,124
2,382,115
3,382,132
4,382,140
5,382,126
1,383,136
2,383,128
3,383,111
4,383,127
5,383,125
1,384,123
2,384,128
3,384,125
4,384,130
5,384,138
1,385,121
2,385,126
3,385,111
4,385,124
5,385,135
1,386,134
2,386,129
3,386,135
4,386,119
5,386,124
1,387,130
2,387,126
3,387,117
4,387,117
5,387,129
1,388,115
2,388,117
3,388,119
4,388,126
5,388,116
1,389,137
2,389,130
3,389,125
4,389,136
5,389,110
1,390,117
2,390,115
3,390,111
4,390,126
5,390,120
1,391,138
2,391,133
3,391,128
4,391,140
5,391,117
1,392,138
2,392,129
3,392,113
4,392,138
5,392,129
1,393,115
2,393,115
3,393,131
4,393,115
5,393,120
1,394,117
2,394,128
3,394,126
4,394,116
5,394,122
1,395,131
2,395,128
3,395,110
4,395,137
5,395,132
1,396,136
2,396,126
3,396,138
4,396,114
5,396,117
1,397,115
2,397,114
3,397,134
4,397,133
5,397,140
1,398,118
2,398,126
3,398,110
4,398,127
5,398,121
1,399,138
2,399,140
3,399,130
4,399,115
5,399,134
1,400,131
2,400,133
3,400,123
4,400,125
5,400,123
1,401,125
2,401,113
3,401,111
4,401,115
5,401,138
1,402,116
2,402,121
3,402,130
4,402,134
5,402,124
1,403,113
2,403,115
3,403,135
4,403,118
5,403,135
1,404,133
2,404,126
3,404,122
4,404,139
5,404,135
1,405,112
2,405,112
3,405,135
4,405,115
5,405,115
1,406,127
2,406,119
3,406,140
4,406,126
5,406,135
1,407,128
2,407,132
3,407,135
4,407,121
5,407,122
1,408,131
2,408,115
3,408,130
4,408,114
5,408,128
1,409,112
2,409,138
3,409,123
4,409,119
5,409,115
1,410,121
2,410,119
3,410,122
4,410,125
5,410,117
1,411,130
2,411,139
3,411,121
4,411,122
5,411,114
1,412,121
2,412,131
3,412,136
4,412,139
5,412,120
1,413,115
2,413,111
3,413,116
4,413,138
5,413,118
1,414,138
2,414,138
3,414,117
4,414,119
5,414,122
1,415,118
2,415,126
3,415,131
4,415,120
5,415,110
1,416,130
2,416,126
3,416,129
4,416,131
5,416,114
1,417,131
2,417,114
3,417,121
4,417,119
5,417,124
1,418,112
2,418,116
3,418,115
4,418,140
5,418,113
1,419,136
2,419,117
3,419,112
4,419,121
5,419,132
1,420,123
2,420,112
3,420,122
4,420,114
5,420,117
1,421,137
2,421,137
3,421,138
4,421,121
5,421,132
1,422,135
2,422,126
3,422,110
4,422,140
5,422,117
1,423,134
2,423,118
3,423,124
4,423,137
5,423,130
1,424,117
2,424,131
3,424,127
4,424,130
5,424,133
1,425,121
2,425,130
3,425,138
4,425,123
5,425,130
1,426,111
2,426,116
3,426,125
4,426,120
5,426,137
1,427,125
2,427,118
3,427,112
4,427,126
5,427,130
1,428,133
2,428,126
3,428,123
4,428,111
5,428,118
1,429,123
2,429,112
3,429,127
4,429,122
5,429,126
1,430,124
2,430,127
3,430,125
4,430,114
5,430,140
1,431,112
2,431,128
3,431,136
4,431,116
5,431,125
1,432,114
2,432,124
3,432,118
4,432,118
5,432,118
1,433,124
2,433,130
3,433,118
4,433,124
5,433,132
1,434,126
2,434,133
3,434,125
4,434,115
5,434,133
1,435,122
2,435,113
3,435,140
4,435,121
5,435,116
1,436,124
2,436,130
3,436,138
4,436,119
5,436,111
1,437,116
2,437,130
3,437,110
4,437,121
5,437,139
1,438,125
2,438,128
3,438,130
4,438,113
5,438,127
1,439,116
2,439,117
3,439,136
4,439,110
5,439,117
1,440,127
2,440,133
3,440,112
4,440,114
5,440,138
1,441,116
2,441,122
3,441,112
4,441,124
5,441,140
1,442,128
2,442,124
3,442,133
4,442,126
5,442,127
1,443,123
2,443,129
3,443,113
4,443,117
5,443,121
1,444,140
2,444,116
3,444,130
4,444,124
5,444,126
1,445,139
2,445,122
3,445,111
4,445,133
5,445,120
1,446,132
2,446,127
3,446,128
4,446,138
5,446,124
1,447,116
2,447,112
3,447,132
4,447,121
5,447,115
1,448,130
2,448,124
3,448,132
4,448,120
5,448,119
1,449,129
2,449,113
3,449,119
4,449,130
5,449,114
1,450,133
2,450,112
3,450,116
4,450,123
5,450,135
1,451,124
2,451,110
3,451,113
4,451,135
5,451,135
1,452,111
2,452,116
3,452,125
4,452,125
5,452,136
1,453,117
2,453,129
3,453,113
4,453,128
5,453,124
1,454,114
2,454,132
3,454,123
4,454,110
5,454,112
1,455,129
2,455,132
3,455,115
4,455,115
5,455,140
1,456,130
2,456,139
3,456,120
4,456,116
5,456,124
1,457,126
2,457,126
3,457,130
4,457,126
5,457,119
1,458,112
2,458,125
3,458,122
4,458,113
5,458,119
1,459,134
2,459,128
3,459,136
4,459,122
5,459,115
1,460,130
2,460,120
3,460,118
4,460,116
5,460,116
1,461,127
2,461,135
3,461,126
4,461,128
5,461,124
1,462,118
2,462,118
3,462,137
4,462,117
5,462,138
1,463,119
2,463,135
3,463,129
4,463,131
5,463,122
1,464,129
2,464,128
3,464,118
4,464,124
5,464,113
1,465,126
2,465,112
3,465,115
4,465,112
5,465,126
1,466,120
2,466,136
3,466,128
4,466,133
5,466,131
1,467,129
2,467,111
3,467,125
4,467,118
5,467,116
1,468,114
2,468,132
3,468,115
4,468,115
5,468,140
1,469,116
2,469,126
3,469,128
4,469,124
5,469,113
1,470,140
2,470,134
3,470,124
4,470,133
5,470,122
1,471,131
2,471,127
3,471,117
4,471,135
5,471,122
1,472,137
2,472,113
3,472,139
4,472,127
5,472,137
1,473,121
2,473,123
3,473,120
4,473,117
5,473,140
1,474,115
2,474,125
3,474,120
4,474,121
5,474,119
1,475,131
2,475,137
3,475,125
4,475,125
5,475,135
1,476,115
2,476,112
3,476,118
4,476,115
5,476,125
1,477,122
2,477,133
3,477,137
4,477,110
5,477,128
1,478,128
2,478,117
3,478,116
4,478,138
5,478,124
1,479,135
2,479,126
3,479,111
4,479,133
5,479,132
1,480,130
2,480,137
3,480,130
4,480,139
5,480,110
1,481,138
2,481,113
3,481,130
4,481,110
5,481,138
1,482,122
2,482,135
3,482,125
4,482,117
5,482,113
1,483,119
2,483,113
3,483,127
4,483,113
5,483,123
1,484,123
2,484,112
3,484,128
4,484,115
5,484,136
1,485,140
2,485,119
3,485,128
4,485,110
5,485,110
1,486,120
2,486,129
3,486,119
4,486,116
5,486,129
1,487,116
2,487,130
3,487,135
4,487,117
5,487,135
1,488,137
2,488,116
3,488,138
4,488,112
5,488,121
1,489,114
2,489,113
3,489,126
4,489,117
5,489,127
1,490,113
2,490,123
3,490,116
4,490,131
5,490,128
1,491,112
2,491,125
3,491,122
4,491,129
5,491,135
1,492,112
2,492,129
3,492,117
4,492,116
5,492,138
1,493,112
2,493,117
3,493,128
4,493,118
5,493,138
1,494,126
2,494,138
3,494,127
4,494,122
5,494,140
1,495,131
2,495,122
3,495,133
4,495,129
5,495,124
1,496,117
2,496,110
3,496,123
4,496,132
5,496,140
1,497,130
2,497,135
3,497,139
4,497,134
5,497,120
1,498,128
2,498,118
3,498,114
4,498,132
5,498,122
1,499,131
2,499,137
3,499,126
4,499,113
5,499,128
1,500,135
2,500,130
3,500,117
4,500,117
5,500,136
1,501,134
2,501,138
3,501,118
4,501,135
5,501,139
1,502,120
2,502,134
3,502,124
4,502,127
5,502,135
1,503,137
2,503,136
3,503,113
4,503,122
5,503,127
1,504,135
2,504,133
3,504,130
4,504,129
5,504,135
1,505,121
2,505,137
3,505,116
4,505,120
5,505,116
1,506,134
2,506,119
3,506,123
4,506,113
5,506,134
1,507,134
2,507,135
3,507,135
4,507,117
5,507,114
1,508,116
2,508,136
3,508,127
4,508,116
5,508,128
1,509,119
2,509,138
3,509,114
4,509,128
5,509,127
1,510,139
2,510,126
3,510,133
4,510,140
5,510,112
1,511,137
2,511,128
3,511,115
4,511,139
5,511,115
1,512,130
2,512,135
3,512,136
4,512,117
5,512,129
1,513,110
2,513,125
3,513,120
4,513,139
5,513,129
1,514,113
2,514,128
3,514,117
4,514,129
5,514,140
1,515,119
2,515,138
3,515,118
4,515,132
5,515,139
1,516,134
2,516,138
3,516,136
4,516,132
5,516,136
1,517,130
2,517,111
3,517,125
4,517,132
5,517,118
1,518,135
2,518,133
3,518,132
4,518,129
5,518,131
1,519,140
2,519,126
3,519,121
4,519,136
5,519,123
1,520,110
2,520,134
3,520,139
4,520,124
5,520,134
1,521,112
2,521,116
3,521,123
4,521,129
5,521,122
1,522,138
2,522,112
3,522,124
4,522,139
5,522,126
1,523,128
2,523,110
3,523,140
4,523,127
5,523,116
1,524,119
2,524,130
3,524,121
4,524,123
5,524,118
1,525,136
2,525,112
3,525,140
4,525,138
5,525,117
1,526,120
2,526,132
3,526,115
4,526,139
5,526,111
1,527,112
2,527,113
3,527,131
4,527,119
5,527,136
1,528,132
2,528,138
3,528,111
4,528,114
5,528,124
1,529,133
2,529,110
3,529,122
4,529,129
5,529,115
1,530,112
2,530,140
3,530,126
4,530,130
5,530,121
1,531,136
2,531,137
3,531,135
4,531,133
5,531,138
1,532,115
2,532,137
3,532,130
4,532,131
5,532,124
1,533,116
2,533,113
3,533,120
4,533,124
5,533,121
1,534,128
2,534,115
3,534,137
4,534,119
5,534,139
1,535,123
2,535,122
3,535,124
4,535,131
5,535,130
1,536,112
2,536,124
3,536,138
4,536,115
5,536,116
1,537,140
2,537,128
3,537,113
4,537,137
5,537,131
1,538,133
2,538,139
3,538,119
4,538,132
5,538,124
1,539,128
2,539,126
3,539,119
4,539,117
5,539,135
1,540,131
2,540,110
3,540,117
4,540,120
5,540,131
1,541,118
2,541,111
3,541,132
4,541,140
5,541,125
1,542,118
2,542,135
3,542,122
4,542,129
5,542,126
1,543,140
2,543,111
3,543,140
4,543,120
5,543,119
1,544,115
2,544,123
3,544,116
4,544,140
5,544,129
1,545,117
2,545,121
3,545,139
4,545,113
5,545,137
1,546,112
2,546,139
3,546,137
4,546,130
5,546,124
1,547,124
2,547,136
3,547,127
4,547,114
5,547,131
1,548,139
2,548,140
3,548,120
4,548,127
5,548,136
1,549,117
2,549,137
3,549,135
4,549,112
5,549,140
1,550,121
2,550,139
3,550,138
4,550,136
5,550,134
1,551,131
2,551,125
3,551,136
4,551,121
5,551,114
1,552,118
2,552,120
3,552,111
4,552,136
5,552,128
1,553,140
2,553,134
3,553,112
4,553,112
5,553,126
1,554,135
2,554,126
3,554,118
4,554,118
5,554,130
1,555,129
2,555,122
3,555,135
4,555,118
5,555,116
1,556,138
2,556,120
3,556,123
4,556,110
5,556,136
1,557,128
2,557,114
3,557,130
4,557,132
5,557,115
1,558,140
2,558,115
3,558,119
4,558,140
5,558,112
1,559,121
2,559,123
3,559,120
4,559,134
5,559,110
1,560,115
2,560,136
3,560,113
4,560,128
5,560,113
1,561,121
2,561,124
3,561,117
4,561,127
5,561,139
1,562,111
2,562,130
3,562,126
4,562,137
5,562,118
1,563,121
2,563,115
3,563,136
4,563,136
5,563,139
1,564,115
2,564,126
3,564,135
4,564,127
5,564,134
1,565,118
2,565,140
3,565,131
4,565,130
5,565,131
1,566,130
2,566,116
3,566,117
4,566,130
5,566,122
1,567,114
2,567,130
3,567,123
4,567,112
5,567,131
1,568,140
2,568,113
3,568,118
4,568,131
5,568,122
1,569,123
2,569,139
3,569,128
4,569,118
5,569,139
1,570,130
2,570,113
3,570,138
4,570,138
5,570,137
1,571,111
2,571,111
3,571,139
4,571,129
5,571,112
1,572,126
2,572,123
3,572,110
4,572,118
5,572,132
1,573,126
2,573,110
3,573,133
4,573,137
5,573,110
1,574,128
2,574,135
3,574,128
4,574,112
5,574,126
1,575,133
2,575,128
3,575,138
4,575,115
5,575,113
1,576,140
2,576,112
3,576,128
4,576,133
5,576,113
1,577,111
2,577,117
3,577,135
4,577,112
5,577,111
1,578,125
2,578,119
3,578,129
4,578,139
5,578,125
1,579,118
2,579,133
3,579,112
4,579,124
5,579,110
1,580,117
2,580,115
3,580,138
4,580,121
5,580,136
1,581,124
2,581,127
3,581,130
4,581,116
5,581,124
1,582,116
2,582,117
3,582,139
4,582,131
5,582,124
1,583,114
2,583,122
3,583,140
4,583,130
5,583,124
1,584,118
2,584,111
3,584,118
4,584,129
5,584,112
1,585,114
2,585,119
3,585,137
4,585,125
5,585,131
1,586,134
2,586,136
3,586,118
4,586,136
5,586,126
1,587,130
2,587,126
3,587,136
4,587,125
5,587,137
1,588,131
2,588,110
3,588,133
4,588,130
5,588,113
1,589,122
2,589,132
3,589,128
4,589,121
5,589,128
1,590,111
2,590,140
3,590,112
4,590,131
5,590,113
1,591,116
2,591,111
3,591,134
4,591,116
5,591,139
1,592,114
2,592,130
3,592,137
4,592,131
5,592,112
1,593,121
2,593,118
3,593,135
4,593,112
5,593,128
1,594,137
2,594,114
3,594,124
4,594,121
5,594,121
1,595,126
2,595,137
3,595,112
4,595,139
5,595,127
1,596,113
2,596,118
3,596,121
4,596,134
5,596,121
1,597,140
2,597,125
3,597,119
4,597,121
5,597,130
1,598,125
2,598,114
3,598,118
4,598,111
5,598,113
1,599,126
2,599,134
3,599,112
4,599,120
5,599,111
1,600,140
2,600,135
3,600,115
4,600,123
5,600,131
1,601,136
2,601,111
3,601,131
4,601,127
5,601,113
1,602,128
2,602,115
3,602,112
4,602,131
5,602,110
1,603,120
2,603,129
3,603,120
4,603,115
5,603,117
1,604,124
2,604,136
3,604,117
4,604,125
5,604,130
1,605,122
2,605,138
3,605,121
4,605,125
5,605,132
1,606,134
2,606,118
3,606,111
4,606,112
5,606,131
1,607,111
2,607,130
3,607,120
4,607,121
5,607,120
1,608,114
2,608,135
3,608,111
4,608,121
5,608,130
1,609,139
2,609,134
3,609,120
4,609,129
5,609,140
1,610,110
2,610,123
3,610,133
4,610,129
5,610,126
1,611,130
2,611,117
3,611,125
4,611,114
5,611,111
1,612,133
2,612,113
3,612,120
4,612,110
5,612,120
1,613,136
2,613,124
3,613,128
4,613,136
5,613,134
1,614,129
2,614,120
3,614,133
4,614,112
5,614,120
1,615,112
2,615,122
3,615,137
4,615,122
5,615,132
1,616,130
2,616,133
3,616,140
4,616,127
5,616,125
1,617,122
2,617,116
3,617,140
4,617,126
5,617,127
1,618,121
2,618,117
3,618,130
4,618,131
5,618,132
1,619,117
2,619,135
3,619,112
4,619,120
5,619,111
1,620,137
2,620,116
3,620,136
4,620,110
5,620,110
1,621,126
2,621,140
3,621,137
4,621,110
5,621,108
1,622,98
2,622,110
3,622,90
4,622,104
5,622,110
1,623,98
2,623,101
3,623,99
4,623,102
5,623,102
1,624,107
2,624,99
3,624,99
4,624,83
5,624,106
1,625,84
2,625,81
3,625,98
4,625,91
5,625,103
1,626,96
2,626,93
3,626,106
4,626,101
5,626,88
1,627,105
2,627,96
3,627,82
4,627,120
5,627,95
1,628,80
2,628,101
3,628,105
4,628,93
5,628,81
1,629,84
2,629,88
3,629,103
4,629,105
5,629,80
1,630,104
2,630,103
3,630,84
4,630,86
5,630,103
1,631,109
2,631,90
3,631,103
4,631,105
5,631,91
1,632,90
2,632,110
3,632,107
4,632,90
5,632,109
1,633,84
2,633,85
3,633,103
4,633,95
5,633,87
1,634,87
2,634,81
3,634,95
4,634,88
5,634,85
1,635,89
2,635,84
3,635,99
4,635,99
5,635,91
1,636,80
2,636,92
3,636,87
4,636,82
5,636,91
1,637,87
2,637,87
3,637,106
4,637,110
5,637,94
1,638,99
2,638,107
3,638,86
4,638,99
5,638,87
1,639,97
2,639,91
3,639,85
4,639,110
5,639,99
1,640,81
2,640,80
3,640,80
4,640,97
5,640,94
1,641,92
2,641,104
3,641,85
4,641,102
5,641,91
1,642,107
2,642,87
3,642,97
4,642,88
5,642,108
1,643,90
2,643,92
3,643,90
4,643,97
5,643,87
1,644,80
2,644,81
3,644,88
4,644,89
5,644,95
1,645,96
2,645,84
3,645,88
4,645,108
5,645,108
1,646,100
2,646,88
3,646,96
4,646,97
5,646,97
1,647,93
2,647,83
3,647,87
4,647,101
5,647,92
1,648,110
2,648,82
3,648,98
4,648,80
5,648,105
1,649,91
2,649,80
3,649,82
4,649,96
5,649,103
1,650,87
2,650,97
3,650,81
4,650,98
5,650,88
1,651,85
2,651,95
3,651,83
4,651,107
5,651,83
1,652,109
2,652,80
3,652,96
4,652,100
5,652,108
1,653,86
2,653,100
3,653,110
4,653,104
5,653,110
1,654,86
2,654,93
3,654,88
4,654,87
5,654,100
1,655,107
2,655,81
3,655,108
4,655,84
5,655,93
1,656,90
2,656,101
3,656,105
4,656,93
5,656,106
1,657,82
2,657,90
3,657,95
4,657,107
5,657,102
1,658,86
2,658,108
3,658,97
4,658,83
5,658,104
1,659,108
2,659,95
3,659,109
4,659,85
5,659,103
1,660,95
2,660,80
3,660,95
4,660,80
5,660,103
1,661,89
2,661,85
3,661,88
4,661,105
5,661,101
1,662,89
2,662,106
3,662,85
4,662,97
5,662,104
1,663,88
2,663,110
3,663,106
4,663,93
5,663,87
1,664,86
2,664,105
3,664,92
4,664,94
5,664,88
1,665,104
2,665,80
3,665,99
4,665,108
5,665,88
1,666,90
2,666,100
3,666,108
4,666,89
5,666,89
1,667,91
2,667,96
3,667,101
4,667,101
5,667,106
1,668,80
2,668,105
3,668,104
4,668,84
5,668,105
1,669,96
2,669,95
3,669,109
4,669,100
5,669,106
1,670,80
2,670,104
3,670,82
4,670,86
5,670,93
1,671,84
2,671,106
3,671,96
4,671,86
5,671,84
1,672,106
2,672,91
3,672,103
4,672,90
5,672,95
1,673,103
2,673,97
3,673,100
4,673,107
5,673,83
1,674,91
2,674,90
3,674,88
4,674,110
5,674,104
1,675,104
2,675,88
3,675,99
4,675,90
5,675,105
1,676,84
2,676,102
3,676,92
4,676,89
5,676,99
1,677,98
2,677,89
3,677,105
4,677,98
5,677,110
1,678,82
2,678,105
3,678,82
4,678,105
5,678,103
1,679,96
2,679,92
3,679,90
4,679,85
5,679,82
1,680,106
2,680,81
3,680,97
4,680,80
5,680,97
1,681,81
2,681,98
3,681,84
4,681,101
5,681,95
1,682,105
2,682,95
3,682,83
4,682,80
5,682,110
1,683,89
2,683,84
3,683,89
4,683,97
5,683,100
1,684,82
2,684,92
3,684,87
4,684,87
5,684,109
1,685,92
2,685,89
3,685,99
4,685,101
5,685,97
1,686,107
2,686,97
3,686,109
4,686,100
5,686,89
1,687,81
2,687,93
3,687,100
4,687,93
5,687,92
1,688,84
2,688,103
3,688,89
4,688,108
5,688,95
1,689,107
2,689,107
3,689,105
4,689,97
5,689,92
1,690,95
2,690,87
3,690,89
4,690,95
5,690,101
1,691,88
2,691,110
3,691,108
4,691,100
5,691,101
1,692,100
2,692,96
3,692,104
4,692,106
5,692,109
1,693,86
2,693,88
3,693,102
4,693,89
5,693,94
1,694,81
2,694,108
3,694,89
4,694,81
5,694,82
1,695,84
2,695,94
3,695,100
4,695,105
5,695,85
1,696,93
2,696,104
3,696,85
4,696,96
5,696,108
1,697,100
2,697,94
3,697,84
4,697,81
5,697,86
1,698,80
2,698,92
3,698,104
4,698,98
5,698,84
1,699,81
2,699,99
3,699,90
4,699,83
5,699,104
1,700,109
2,700,108
3,700,92
4,700,85
5,700,100
1,701,88
2,701,95
3,701,105
4,701,105
5,701,89
1,702,110
2,702,99
3,702,86
4,702,80
5,702,90
1,703,88
2,703,104
3,703,98
4,703,80
5,703,82
1,704,88
2,704,83
3,704,101
4,704,99
5,704,99
1,705,95
2,705,108
3,705,104
4,705,102
5,705,91
1,706,108
2,706,92
3,706,95
4,706,108
5,706,92
1,707,105
2,707,82
3,707,106
4,707,94
5,707,92
1,708,89
2,708,91
3,708,91
4,708,93
5,708,95
1,709,85
2,709,96
3,709,105
4,709,93
5,709,90
1,710,105
2,710,103
3,710,94
4,710,86
5,710,105
1,711,110
2,711,91
3,711,105
4,711,102
5,711,104
1,712,88
2,712,94
3,712,90
4,712,109
5,712,80
1,713,89
2,713,89
3,713,91
4,713,88
5,713,84
1,714,97
2,714,88
3,714,99
4,714,106
5,714,84
1,715,105
2,715,110
3,715,100
4,715,91
5,715,92
1,716,84
2,716,104
3,716,87
4,716,91
5,716,110
1,717,104
2,717,110
3,717,85
4,717,85
5,717,97
1,718,107
2,718,97
3,718,80
4,718,103
5,718,85
1,719,89
2,719,102
3,719,99
4,719,93
5,719,85
1,720,82
2,720,88
3,720,96
4,720,95
5,720,93
1,721,87
2,721,97
3,721,90
4,721,100
5,721,106
1,722,83
2,722,85
3,722,101
4,722,108
5,722,99
1,723,82
2,723,84
3,723,82
4,723,106
5,723,109
1,724,98
2,724,96
3,724,96
4,724,82
5,724,90
1,725,102
2,725,107
3,725,108
4,725,98
5,725,87
1,726,91
2,726,94
3,726,80
4,726,81
5,726,99
1,727,90
2,727,108
3,727,83
4,727,91
5,727,98
1,728,84
2,728,95
3,728,110
4,728,83
5,728,96
1,729,100
2,729,105
3,729,109
4,729,104
5,729,91
1,730,93
2,730,98
3,730,104
4,730,103
5,730,85
1,731,109
2,731,85
3,731,105
4,731,107
5,731,80
1,732,88
2,732,97
3,732,104
4,732,102
5,732,120
1,733,102
2,733,98
3,733,86
4,733,102
5,733,102
1,734,99
2,734,84
3,734,94
4,734,81
5,734,93
1,735,107
2,735,88
3,735,103
4,735,110
5,735,96
1,736,100
2,736,106
3,736,88
4,736,92
5,736,107
1,737,93
2,737,93
3,737,89
4,737,82
5,737,83
1,738,84
2,738,92
3,738,102
4,738,95
5,738,91
1,739,104
2,739,97
3,739,81
4,739,110
5,739,85
1,740,110
2,740,81
3,740,109
4,740,108
5,740,89
1,741,102
2,741,89
3,741,91
4,741,89
5,741,91
1,742,102
2,742,103
3,742,106
4,742,80
5,742,95
1,743,101
2,743,80
3,743,81
4,743,80
5,743,84
1,744,98
2,744,94
3,744,85
4,744,99
5,744,107
1,745,100
2,745,87
3,745,97
4,745,108
5,745,103
1,746,106
2,746,85
3,746,109
4,746,83
5,746,102
1,747,99
2,747,110
3,747,101
4,747,107
5,747,97
1,748,104
2,748,86
3,748,108
4,748,110
5,748,80
1,749,105
2,749,92
3,749,85
4,749,106
5,749,99
1,750,86
2,750,89
3,750,104
4,750,82
5,750,88
1,751,83
2,751,102
3,751,104
4,751,81
5,751,105
1,752,92
2,752,87
3,752,99
4,752,110
5,752,92
1,753,103
2,753,98
3,753,87
4,753,92
5,753,90
1,754,94
2,754,84
3,754,95
4,754,104
5,754,87
1,755,85
2,755,110
3,755,96
4,755,93
5,755,91
1,756,88
2,756,82
3,756,107
4,756,103
5,756,91
1,757,93
2,757,93
3,757,98
4,757,87
5,757,83
1,758,107
2,758,82
3,758,97
4,758,106
5,758,83
1,759,82
2,759,104
3,759,86
4,759,107
5,759,109
1,760,96
2,760,84
3,760,84
4,760,83
5,760,98
1,761,105
2,761,82
3,761,89
4,761,92
5,761,107
1,762,82
2,762,97
3,762,110
4,762,94
5,762,92
1,763,85
2,763,109
3,763,82
4,763,84
5,763,91
1,764,101
2,764,87
3,764,107
4,764,88
5,764,81
1,765,107
2,765,106
3,765,87
4,765,110
5,765,82
1,766,107
2,766,102
3,766,102
4,766,86
5,766,110
1,767,92
2,767,89
3,767,94
4,767,91
5,767,80
1,768,98
2,768,106
3,768,103
4,768,105
5,768,89
1,769,96
2,769,96
3,769,90
4,769,95
5,769,106
1,770,102
2,770,93
3,770,96
4,770,102
5,770,107
1,771,102
2,771,96
3,771,108
4,771,84
5,771,95
1,772,97
2,772,81
3,772,90
4,772,107
5,772,88
1,773,84
2,773,84
3,773,108
4,773,85
5,773,97
1,774,102
2,774,110
3,774,87
4,774,84
5,774,101
1,775,110
2,775,95
3,775,91
4,775,87
5,775,99
1,776,86
2,776,99
3,776,95
4,776,96
5,776,97
1,777,104
2,777,80
3,777,109
4,777,106
5,777,82
1,778,82
2,778,104
3,778,88
4,778,96
5,778,103
1,779,106
2,779,89
3,779,102
4,779,92
5,779,108
1,780,107
2,780,81
3,780,107
4,780,80
5,780,99
1,781,106
2,781,105
3,781,93
4,781,109
5,781,82
1,782,108
2,782,80
3,782,80
4,782,102
5,782,100
1,783,87
2,783,102
3,783,82
4,783,84
5,783,82
1,784,83
2,784,81
3,784,105
4,784,110
5,784,85
1,785,83
2,785,94
3,785,106
4,785,95
5,785,81
1,786,100
2,786,97
3,786,105
4,786,93
5,786,81
1,787,82
2,787,92
3,787,98
4,787,92
5,787,100
1,788,86
2,788,81
3,788,97
4,788,98
5,788,102
1,789,99
2,789,105
3,789,103
4,789,105
5,789,85
1,790,85
2,790,107
3,790,103
4,790,84
5,790,102
1,791,82
2,791,91
3,791,91
4,791,107
5,791,107
1,792,101
2,792,107
3,792,82
4,792,87
5,792,108
1,793,90
2,793,83
3,793,107
4,793,90
5,793,104
1,794,82
2,794,109
3,794,110
4,794,98
5,794,83
1,795,106
2,795,90
3,795,104
4,795,96
5,795,83
1,796,94
2,796,109
3,796,108
4,796,93
5,796,96
1,797,101
2,797,90
3,797,100
4,797,92
5,797,103
1,798,89
2,798,84
3,798,92
4,798,99
5,798,106
1,799,108
2,799,91
3,799,109
4,799,91
5,799,85
1,800,103
2,800,86
3,800,93
4,800,95
5,800,108
1,801,109
2,801,89
3,801,90
4,801,94
5,801,90
1,802,107
2,802,82
3,802,93
4,802,101
5,802,89
1,803,92
2,803,104
3,803,82
4,803,93
5,803,99
1,804,90
2,804,107
3,804,110
4,804,99
5,804,100
1,805,81
2,805,86
3,805,87
4,805,99
5,805,108
1,806,99
2,806,110
3,806,94
4,806,107
5,806,90
1,807,99
2,807,105
3,807,91
4,807,101
5,807,89
1,808,94
2,808,100
3,808,80
4,808,84
5,808,89
1,809,106
2,809,89
3,809,104
4,809,98
5,809,109
1,810,109
2,810,97
3,810,94
4,810,95
5,810,98
1,811,90
2,811,80
3,811,94
4,811,108
5,811,106
1,812,96
2,812,109
3,812,81
4,812,93
5,812,102
1,813,98
2,813,107
3,813,101
4,813,81
5,813,100
1,814,110
2,814,91
3,814,89
4,814,81
5,814,105
1,815,96
2,815,94
3,815,82
4,815,102
5,815,101
1,816,90
2,816,86
3,816,110
4,816,82
5,816,81
1,817,102
2,817,94
3,817,97
4,817,90
5,817,103
1,818,91
2,818,96
3,818,93
4,818,102
5,818,101
1,819,110
2,819,84
3,819,94
4,819,104
5,819,80
1,820,105
2,820,106
3,820,86
4,820,89
5,820,92
1,821,96
2,821,93
3,821,88
4,821,97
5,821,101
1,822,81
2,822,92
3,822,81
4,822,102
5,822,108
1,823,83
2,823,100
3,823,84
4,823,107
5,823,95
1,824,83
2,824,104
3,824,109
4,824,105
5,824,102
1,825,104
2,825,93
3,825,82
4,825,84
5,825,83
1,826,89
2,826,110
3,826,101
4,826,110
5,826,102
1,827,82
2,827,90
3,827,109
4,827,105
5,827,95
1,828,109
2,828,105
3,828,104
4,828,96
5,828,110
1,829,88
2,829,82
3,829,86
4,829,87
5,829,85
1,830,86
2,830,92
3,830,109
4,830,110
5,830,102
1,831,108
2,831,109
3,831,98
4,831,93
5,831,96
1,832,90
2,832,85
3,832,91
4,832,80
5,832,91
1,833,104
2,833,91
3,833,83
4,833,102
5,833,80
1,834,99
2,834,102
3,834,95
4,834,99
5,834,98
1,835,86
2,835,90
3,835,94
4,835,98
5,835,81
1,836,96
2,836,85
3,836,107
4,836,82
5,836,91
1,837,106
2,837,87
3,837,92
4,837,105
5,837,110
1,838,96
2,838,90
3,838,96
4,838,98
5,838,81
1,839,104
2,839,84
3,839,100
4,839,109
5,839,105
1,840,93
2,840,104
3,840,109
4,840,84
5,840,87
1,841,92
2,841,81
3,841,83
4,841,98
5,841,110
1,842,83
2,842,92
3,842,96
4,842,88
5,842,110
1,843,90
2,843,87
3,843,81
4,843,90
5,843,103
1,844,87
2,844,100
3,844,107
4,844,95
5,844,84
1,845,91
2,845,89
3,845,94
4,845,107
5,845,99
1,846,92
2,846,102
3,846,96
4,846,100
5,846,110
1,847,110
2,847,84
3,847,98
4,847,102
5,847,94
1,848,104
2,848,84
3,848,104
4,848,103
5,848,103
1,849,84
2,849,104
3,849,90
4,849,101
5,849,91
1,850,85
2,850,91
3,850,91
4,850,90
5,850,99
1,851,94
2,851,82
3,851,90
4,851,82
5,851,105
1,852,103
2,852,96
3,852,101
4,852,103
5,852,86
1,853,99
2,853,91
3,853,109
4,853,102
5,853,89
1,854,82
2,854,106
3,854,102
4,854,82
5,854,86
1,855,106
2,855,105
3,855,97
4,855,97
5,855,95
1,856,82
2,856,89
3,856,103
4,856,88
5,856,92
1,857,81
2,857,109
3,857,83
4,857,83
5,857,88
1,858,94
2,858,103
3,858,93
4,858,106
5,858,96
1,859,107
2,859,91
3,859,109
4,859,101
5,859,87
1,860,110
2,860,99
3,860,88
4,860,97
5,860,80
1,861,82
2,861,107
3,861,106
4,861,95
5,861,92
1,862,86
2,862,96
3,862,95
4,862,102
5,862,93
1,863,94
2,863,94
3,863,82
4,863,83
5,863,109
1,864,100
2,864,98
3,864,91
4,864,88
5,864,108
1,865,87
2,865,88
3,865,93
4,865,110
5,865,110
1,866,92
2,866,80
3,866,103
4,866,90
5,866,84
1,867,100
2,867,95
3,867,80
4,867,81
5,867,102
1,868,87
2,868,82
3,868,92
4,868,82
5,868,91
1,869,97
2,869,88
3,869,104
4,869,88
5,869,92
1,870,108
2,870,88
3,870,88
4,870,104
5,870,102
1,871,101
2,871,98
3,871,81
4,871,103
5,871,87
1,872,81
2,872,95
3,872,109
4,872,100
5,872,108
1,873,93
2,873,97
3,873,97
4,873,97
5,873,103
1,874,102
2,874,100
3,874,107
4,874,84
5,874,88
1,875,94
2,875,82
3,875,88
4,875,88
5,875,104
1,876,105
2,876,99
3,876,86
4,876,108
5,876,107
1,877,108
2,877,91
3,877,82
4,877,108
5,877,84
1,878,99
2,878,94
3,878,83
4,878,95
5,878,87
1,879,102
2,879,95
3,879,80
4,879,88
5,879,82
1,880,85
2,880,95
3,880,91
4,880,89
5,880,102
1,881,94
2,881,83
3,881,80
4,881,99
5,881,110
1,882,109
2,882,94
3,882,95
4,882,95
5,882,88
1,883,95
2,883,95
3,883,90
4,883,110
5,883,87
1,884,80
2,884,102
3,884,103
4,884,83
5,884,83
1,885,95
2,885,97
3,885,110
4,885,84
5,885,103
1,886,82
2,886,101
3,886,88
4,886,86
5,886,89
1,887,88
2,887,88
3,887,99
4,887,86
5,887,100
1,888,86
2,888,91
3,888,81
4,888,94
5,888,104
1,889,85
2,889,99
3,889,104
4,889,82
5,889,103
1,890,85
2,890,104
3,890,91
4,890,108
5,890,103
1,891,89
2,891,89
3,891,108
4,891,95
5,891,85
1,892,106
2,892,103
3,892,93
4,892,85
5,892,86
1,893,89
2,893,88
3,893,83
4,893,107
5,893,94
1,894,110
2,894,101
3,894,89
4,894,108
5,894,92
1,895,101
2,895,108
3,895,86
4,895,102
5,895,85
1,896,100
2,896,83
3,896,94
4,896,80
5,896,101
1,897,101
2,897,92
3,897,101
4,897,93
5,897,95
1,898,105
2,898,106
3,898,83
4,898,86
5,898,85
1,899,86
2,899,87
3,899,109
4,899,90
5,899,102
1,900,95
2,900,101
3,900,82
4,900,100
5,900,80
1,901,99
2,901,101
3,901,92
4,901,83
5,901,100
1,902,104
2,902,94
3,902,100
4,902,105
5,902,91
1,903,84
2,903,92
3,903,90
4,903,108
5,903,98
1,904,106
2,904,86
3,904,92
4,904,109
5,904,107
1,905,81
2,905,103
3,905,84
4,905,87
5,905,92
1,906,102
2,906,80
3,906,89
4,906,94
5,906,97
1,907,89
2,907,90
3,907,105
4,907,81
5,907,80
1,908,97
2,908,95
3,908,108
4,908,106
5,908,110
1,909,96
2,909,82
3,909,108
4,909,105
5,909,81
1,910,97
2,910,94
3,910,88
4,910,104
5,910,95
1,911,104
2,911,91
3,911,109
4,911,93
5,911,92
1,912,87
2,912,85
3,912,91
4,912,107
5,912,82
1,913,95
2,913,104
3,913,99
4,913,85
5,913,90
1,914,97
2,914,87
3,914,96
4,914,93
5,914,93
1,915,81
2,915,82
3,915,96
4,915,102
5,915,108
1,916,92
2,916,105
3,916,110
4,916,101
5,916,82
1,917,106
2,917,100
3,917,95
4,917,80
5,917,97
1,918,95
2,918,94
3,918,96
4,918,85
5,918,100
1,919,105
2,919,95
3,919,80
4,919,91
5,919,90
1,920,101
2,920,102
3,920,89
4,920,97
5,920,80
1,921,99
2,921,97
3,921,94
4,921,99
5,921,81
1,922,97
2,922,106
3,922,94
4,922,107
5,922,92
1,923,82
2,923,91
3,923,89
4,923,95
5,923,88
1,924,87
2,924,106
3,924,106
4,924,103
5,924,90
1,925,88
2,925,99
3,925,81
4,925,105
5,925,105
1,926,86
2,926,107
3,926,105
4,926,90
5,926,84
1,927,85
2,927,90
3,927,88
4,927,82
5,927,108
1,928,85
2,928,83
3,928,105
4,928,86
5,928,91
1,929,86
2,929,80
3,929,84
4,929,110
5,929,106
1,930,104
2,930,100
3,930,89
4,930,99
5,930,93
1,931,92
2,931,108
3,931,100
4,931,96
5,931,108
1,932,85
2,932,96
3,932,108
4,932,91
5,932,86
1,933,95
2,933,105
3,933,97
4,933,90
5,933,87
1,934,83
2,934,87
3,934,100
4,934,97
5,934,102
1,935,102
2,935,87
3,935,81
4,935,100
5,935,98
1,936,83
2,936,106
3,936,81
4,936,106
5,936,90
1,937,80
2,937,103
3,937,98
4,937,90
5,937,105
1,938,99
2,938,90
3,938,98
4,938,108
5,938,108
1,939,90
2,939,97
3,939,110
4,939,109
5,939,92
1,940,82
2,940,95
3,940,85
4,940,97
5,940,110
1,941,103
2,941,101
3,941,105
4,941,96
5,941,108
1,942,84
2,942,101
3,942,87
4,942,82
5,942,92
1,943,108
2,943,85
3,943,85
4,943,103
5,943,100
1,944,98
2,944,94
3,944,100
4,944,102
5,944,82
1,945,93
2,945,98
3,945,105
4,945,83
5,945,81
1,946,93
2,946,103
3,946,80
4,946,86
5,946,100
1,947,80
2,947,90
3,947,94
4,947,84
5,947,95
1,948,104
2,948,100
3,948,89
4,948,97
5,948,94
1,949,105
2,949,109
3,949,95
4,949,98
5,949,92
1,950,107
2,950,81
3,950,90
4,950,86
5,950,103
1,951,109
2,951,96
3,951,97
4,951,88
5,951,93
1,952,110
2,952,89
3,952,107
4,952,94
5,952,85
1,953,99
2,953,82
3,953,109
4,953,102
5,953,110
1,954,86
2,954,96
3,954,98
4,954,96
5,954,106
1,955,88
2,955,106
3,955,105
4,955,98
5,955,81
1,956,81
2,956,109
3,956,80
4,956,97
5,956,95
1,957,83
2,957,92
3,957,101
4,957,93
5,957,98
1,958,101
2,958,110
3,958,94
4,958,95
5,958,100
1,959,85
2,959,85
3,959,103
4,959,108
5,959,91
1,960,99
2,960,109
3,960,80
4,960,96
5,960,81
1,961,93
2,961,109
3,961,92
4,961,94
5,961,105
1,962,108
2,962,104
3,962,86
4,962,104
5,962,99
1,963,97
2,963,83
3,963,106
4,963,105
5,963,89
1,964,97
2,964,102
3,964,106
4,964,94
5,964,100
1,965,82
2,965,89
3,965,87
4,965,96
5,965,87
1,966,99
2,966,86
3,966,110
4,966,87
5,966,99
1,967,84
2,967,85
3,967,91
4,967,85
5,967,87
1,968,80
2,968,90
3,968,87
4,968,89
5,968,96
1,969,109
2,969,87
3,969,82
4,969,86
5,969,107
1,970,81
2,970,92
3,970,91
4,970,100
5,970,95
1,971,93
2,971,103
3,971,99
4,971,106
5,971,80
1,972,104
2,972,94
3,972,106
4,972,87
5,972,85
1,973,105
2,973,87
3,973,89
4,973,81
5,973,96
1,974,91
2,974,93
3,974,108
4,974,90
5,974,108
1,975,94
2,975,90
3,975,93
4,975,103
5,975,98
1,976,99
2,976,109
3,976,98
4,976,110
5,976,87
1,977,87
2,977,89
3,977,109
4,977,108
5,977,99
1,978,89
2,978,108
3,978,97
4,978,83
5,978,108
1,979,99
2,979,86
3,979,101
4,979,99
5,979,85
1,980,91
2,980,88
3,980,99
4,980,85
5,980,101
1,981,87
2,981,98
3,981,109
4,981,85
5,981,90
1,982,105
2,982,109
3,982,99
4,982,87
5,982,98
1,983,100
2,983,99
3,983,96
4,983,96
5,983,86
1,984,83
2,984,110
3,984,100
4,984,92
5,984,101
1,985,103
2,985,96
3,985,110
4,985,98
5,985,80
1,986,102
2,986,91
3,986,81
4,986,107
5,986,102
1,987,104
2,987,106
3,987,84
4,987,106
5,987,96
1,988,95
2,988,87
3,988,94
4,988,108
5,988,84
1,989,101
2,989,81
3,989,96
4,989,87
5,989,85
1,990,106
2,990,96
3,990,83
4,990,84
5,990,104
1,991,80
2,991,108
3,991,88
4,991,103
5,991,110
1,992,85
2,992,100
3,992,88
4,992,88
5,992,96
1,993,100
2,993,107
3,993,101
4,993,80
5,993,97
1,994,80
2,994,92
3,994,90
4,994,111
5,994,108
1,995,99
2,995,106
3,995,92
4,995,110
5,995,100
1,996,99
2,996,110
3,996,107
4,996,85
5,996,104
1,997,81
2,997,101
3,997,88
4,997,101
5,997,103
1,998,82
2,998,107
3,998,97
4,998,93
5,998,95
1,999,95
2,999,100
3,999,91
4,999,93
5,999,95
1,1000,87
2,1000,101
3,1000,86
4,1000,83
5,1000,81
1,1001,90
2,1001,93
3,1001,102
4,1001,85
5,1001,108
1,1002,108
2,1002,97
3,1002,96
4,1002,86
5,1002,91
1,1003,95
2,1003,109
3,1003,103
4,1003,100
5,1003,104
1,1004,92
2,1004,98
3,1004,99
4,1004,94
5,1004,83
1,1005,104
2,1005,85
3,1005,85
4,1005,85
5,1005,105
1,1006,95
2,1006,109
3,1006,86
4,1006,88
5,1006,105
1,1007,107
2,1007,105
3,1007,106
4,1007,103
5,1007,96
1,1008,107
2,1008,81
3,1008,87
4,1008,92
5,1008,109
1,1009,102
2,1009,92
3,1009,101
4,1009,105
5,1009,82
1,1010,108
2,1010,96
3,1010,105
4,1010,82
5,1010,105
1,1011,91
2,1011,105
3,1011,89
4,1011,85
5,1011,85
1,1012,88
2,1012,102
3,1012,107
4,1012,97
5,1012,89
1,1013,109
2,1013,98
3,1013,86
4,1013,110
5,1013,96
1,1014,103
2,1014,95
3,1014,102
4,1014,105
5,1014,98
1,1015,103
2,1015,98
3,1015,98
4,1015,102
5,1015,105
1,1016,109
2,1016,93
3,1016,100
4,1016,91
5,1016,92
1,1017,86
2,1017,103
3,1017,101
4,1017,101
5,1017,85
1,1018,96
2,1018,100
3,1018,80
4,1018,100
5,1018,84
1,1019,98
2,1019,91
3,1019,107
4,1019,98
5,1019,82
1,1020,83
2,1020,110
3,1020,83
4,1020,108
5,1020,93
1,1021,106
2,1021,103
3,1021,93
4,1021,89
5,1021,85
1,1022,80
2,1022,93
3,1022,87
4,1022,91
5,1022,89
1,1023,109
2,1023,81
3,1023,99
4,1023,92
5,1023,95
1,1024,104
2,1024,98
3,1024,85
4,1024,87
5,1024,100
1,1025,99
2,1025,108
3,1025,89
4,1025,109
5,1025,91
1,1026,83
2,1026,92
3,1026,84
4,1026,92
5,1026,84
1,1027,96
2,1027,103
3,1027,81
4,1027,91
5,1027,101
1,1028,91
2,1028,84
3,1028,88
4,1028,106
5,1028,109
1,1029,87
2,1029,86
3,1029,96
4,1029,90
5,1029,85
1,1030,80
2,1030,108
3,1030,91
4,1030,81
5,1030,86
1,1031,84
2,1031,110
3,1031,89
4,1031,108
5,1031,88
1,1032,86
2,1032,93
3,1032,85
4,1032,108
5,1032,108
1,1033,109
2,1033,104
3,1033,81
4,1033,87
5,1033,89
1,1034,85
2,1034,96
3,1034,95
4,1034,92
5,1034,88
1,1035,89
2,1035,101
3,1035,86
4,1035,96
5,1035,101
1,1036,85
2,1036,88
3,1036,88
4,1036,90
5,1036,80
1,1037,103
2,1037,102
3,1037,110
4,1037,100
5,1037,96
1,1038,97
2,1038,97
3,1038,93
4,1038,99
5,1038,101
1,1039,82
2,1039,99
3,1039,84
4,1039,84
5,1039,101
1,1040,82
2,1040,99
3,1040,88
4,1040,84
5,1040,91
1,1041,93
2,1041,89
3,1041,88
4,1041,89
5,1041,94
1,1042,80
2,1042,106
3,1042,109
4,1042,82
5,1042,86
1,1043,90
2,1043,104
3,1043,84
4,1043,85
5,1043,110
1,1044,98
2,1044,110
3,1044,107
4,1044,83
5,1044,106
1,1045,93
2,1045,100
3,1045,106
4,1045,87
5,1045,82
1,1046,110
2,1046,80
3,1046,99
4,1046,91
5,1046,102
1,1047,91
2,1047,95
3,1047,103
4,1047,93
5,1047,82
1,1048,107
2,1048,91
3,1048,98
4,1048,92
5,1048,84
1,1049,92
2,1049,83
3,1049,86
4,1049,87
5,1049,107
1,1050,91
2,1050,82
3,1050,97
4,1050,107
5,1050,108
1,1051,110
2,1051,85
3,1051,81
4,1051,91
5,1051,102
1,1052,97
2,1052,93
3,1052,95
4,1052,105
5,1052,96
1,1053,110
2,1053,107
3,1053,85
4,1053,80
5,1053,110
1,1054,84
2,1054,94
3,1054,90
4,1054,87
5,1054,104
1,1055,101
2,1055,85
3,1055,105
4,1055,88
5,1055,94
1,1056,106
2,1056,97
3,1056,91
4,1056,107
5,1056,100
1,1057,91
2,1057,92
3,1057,104
4,1057,87
5,1057,101
1,1058,93
2,1058,95
3,1058,102
4,1058,97
5,1058,100
1,1059,99
2,1059,103
3,1059,93
4,1059,103
5,1059,91
1,1060,99
2,1060,103
3,1060,91
4,1060,100
5,1060,108
1,1061,88
2,1061,110
3,1061,85
4,1061,93
5,1061,100
1,1062,94
2,1062,83
3,1062,96
4,1062,81
5,1062,86
1,1063,110
2,1063,106
3,1063,92
4,1063,95
5,1063,90
1,1064,80
2,1064,80
3,1064,80
4,1064,107
5,1064,95
1,1065,81
2,1065,98
3,1065,109
4,1065,88
5,1065,82
1,1066,80
2,1066,97
3,1066,94
4,1066,96
5,1066,100
1,1067,103
2,1067,106
3,1067,80
4,1067,103
5,1067,96
1,1068,87
2,1068,107
3,1068,90
4,1068,93
5,1068,81
1,1069,108
2,1069,107
3,1069,82
4,1069,88
5,1069,93
1,1070,99
2,1070,84
3,1070,92
4,1070,82
5,1070,97
1,1071,85
2,1071,93
3,1071,101
4,1071,92
5,1071,96
1,1072,108
2,1072,88
3,1072,97
4,1072,94
5,1072,97
1,1073,103
2,1073,80
3,1073,109
4,1073,95
5,1073,84
1,1074,107
2,1074,91
3,1074,109
4,1074,110
5,1074,82
1,1075,100
2,1075,86
3,1075,95
4,1075,98
5,1075,106
1,1076,97
2,1076,107
3,1076,83
4,1076,86
5,1076,95
1,1077,105
2,1077,101
3,1077,110
4,1077,84
5,1077,94
1,1078,80
2,1078,95
3,1078,97
4,1078,88
5,1078,88
1,1079,96
2,1079,82
3,1079,107
4,1079,88
5,1079,94
1,1080,103
2,1080,101
3,1080,99
4,1080,100
5,1080,88
1,1081,108
2,1081,84
3,1081,106
4,1081,94
5,1081,102
1,1082,98
2,1082,86
3,1082,90
4,1082,96
5,1082,103
1,1083,93
2,1083,82
3,1083,94
4,1083,95
5,1083,85
1,1084,97
2,1084,87
3,1084,102
4,1084,103
5,1084,92
1,1085,106
2,1085,101
3,1085,82
4,1085,83
5,1085,110
1,1086,90
2,1086,87
3,1086,84
4,1086,91
5,1086,86
1,1087,106
2,1087,108
3,1087,81
4,1087,94
5,1087,100
1,1088,83
2,1088,84
3,1088,86
4,1088,108
5,1088,89
1,1089,80
2,1089,104
3,1089,81
4,1089,81
5,1089,86
1,1090,92
2,1090,110
3,1090,110
4,1090,100
5,1090,80
1,1091,93
2,1091,90
3,1091,81
4,1091,91
5,1091,109
1,1092,102
2,1092,101
3,1092,100
4,1092,95
5,1092,98
1,1093,91
2,1093,96
3,1093,104
4,1093,100
5,1093,95
1,1094,110
2,1094,81
3,1094,84
4,1094,117
5,1094,86
1,1095,84
2,1095,100
3,1095,93
4,1095,87
5,1095,106
1,1096,93
2,1096,81
3,1096,80
4,1096,80
5,1096,87
1,1097,93
2,1097,82
3,1097,88
4,1097,97
5,1097,103
1,1098,107
2,1098,88
3,1098,100
4,1098,82
5,1098,84
1,1099,106
2,1099,89
3,1099,97
4,1099,108
5,1099,86
1,1100,107
2,1100,97
3,1100,85
4,1100,92
5,1100,82
1,1101,98
2,1101,85
3,1101,88
4,1101,94
5,1101,110
1,1102,93
2,1102,86
3,1102,89
4,1102,98
5,1102,94
1,1103,107
2,1103,104
3,1103,83
4,1103,103
5,1103,96
1,1104,87
2,1104,82
3,1104,100
4,1104,97
5,1104,93
1,1105,105
2,1105,88
3,1105,107
4,1105,99
5,1105,83
1,1106,89
2,1106,95
3,1106,108
4,1106,87
5,1106,91
1,1107,94
2,1107,84
3,1107,110
4,1107,110
5,1107,86
1,1108,82
2,1108,93
3,1108,81
4,1108,100
5,1108,94
1,1109,109
2,1109,87
3,1109,106
4,1109,96
5,1109,109
1,1110,92
2,1110,95
3,1110,95
4,1110,92
5,1110,81
1,1111,83
2,1111,101
3,1111,87
4,1111,103
5,1111,90
1,1112,94
2,1112,85
3,1112,108
4,1112,102
5,1112,97
1,1113,104
2,1113,107
3,1113,83
4,1113,98
5,1113,108
1,1114,106
2,1114,90
3,1114,99
4,1114,94
5,1114,86
1,1115,96
2,1115,99
3,1115,99
4,1115,90
5,1115,102
1,1116,99
2,1116,106
3,1116,80
4,1116,91
5,1116,85
1,1117,101
2,1117,96
3,1117,97
4,1117,100
5,1117,94
1,1118,109
2,1118,88
3,1118,99
4,1118,102
5,1118,90
1,1119,81
2,1119,91
3,1119,94
4,1119,89
5,1119,99
1,1120,90
2,1120,100
3,1120,83
4,1120,83
5,1120,89
1,1121,108
2,1121,97
3,1121,80
4,1121,100
5,1121,84
1,1122,90
2,1122,83
3,1122,91
4,1122,103
5,1122,82
1,1123,106
2,1123,92
3,1123,96
4,1123,86
5,1123,93
1,1124,83
2,1124,85
3,1124,104
4,1124,105
5,1124,94
1,1125,92
2,1125,98
3,1125,82
4,1125,80
5,1125,83
1,1126,110
2,1126,109
3,1126,105
4,1126,105
5,1126,105
1,1127,102
2,1127,88
3,1127,92
4,1127,81
5,1127,86
1,1128,93
2,1128,110
3,1128,80
4,1128,95
5,1128,95
1,1129,90
2,1129,83
3,1129,96
4,1129,106
5,1129,87
1,1130,106
2,1130,84
3,1130,94
4,1130,99
5,1130,83
1,1131,85
2,1131,94
3,1131,89
4,1131,98
5,1131,94
1,1132,99
2,1132,107
3,1132,104
4,1132,84
5,1132,102
1,1133,104
2,1133,99
3,1133,83
4,1133,93
5,1133,80
1,1134,90
2,1134,93
3,1134,96
4,1134,82
5,1134,99
1,1135,81
2,1135,106
3,1135,110
4,1135,102
5,1135,85
1,1136,83
2,1136,107
3,1136,82
4,1136,85
5,1136,110
1,1137,88
2,1137,97
3,1137,86
4,1137,100
5,1137,109
1,1138,99
2,1138,108
3,1138,91
4,1138,90
5,1138,86
1,1139,110
2,1139,103
3,1139,104
4,1139,94
5,1139,96
1,1140,94
2,1140,106
3,1140,88
4,1140,96
5,1140,100
1,1141,101
2,1141,101
3,1141,91
4,1141,96
5,1141,89
1,1142,101
2,1142,101
3,1142,90
4,1142,82
5,1142,95
1,1143,93
2,1143,97
3,1143,97
4,1143,92
5,1143,83
1,1144,105
2,1144,85
3,1144,100
4,1144,89
5,1144,104
1,1145,90
2,1145,107
3,1145,109
4,1145,98
5,1145,106
1,1146,88
2,1146,109
3,1146,86
4,1146,92
5,1146,85
1,1147,109
2,1147,89
3,1147,110
4,1147,100
5,1147,90
1,1148,81
2,1148,109
3,1148,102
4,1148,88
5,1148,86
1,1149,81
2,1149,99
3,1149,84
4,1149,86
5,1149,97
1,1150,107
2,1150,87
3,1150,87
4,1150,105
5,1150,96
1,1151,106
2,1151,98
3,1151,96
4,1151,98
5,1151,94
1,1152,104
2,1152,84
3,1152,96
4,1152,88
5,1152,88
1,1153,80
2,1153,81
3,1153,88
4,1153,107
5,1153,87
1,1154,96
2,1154,94
3,1154,89
4,1154,108
5,1154,89
1,1155,97
2,1155,80
3,1155,98
4,1155,105
5,1155,99
1,1156,96
2,1156,95
3,1156,109
4,1156,101
5,1156,92
1,1157,101
2,1157,82
3,1157,87
4,1157,99
5,1157,98
1,1158,96
2,1158,103
3,1158,104
4,1158,88
5,1158,94
1,1159,88
2,1159,89
3,1159,91
4,1159,83
5,1159,96
1,1160,101
2,1160,81
3,1160,83
4,1160,82
5,1160,85
1,1161,108
2,1161,103
3,1161,93
4,1161,82
5,1161,96
1,1162,108
2,1162,96
3,1162,105
4,1162,90
5,1162,106
1,1163,109
2,1163,107
3,1163,101
4,1163,98
5,1163,103
1,1164,94
2,1164,105
3,1164,96
4,1164,101
5,1164,99
1,1165,104
2,1165,96
3,1165,105
4,1165,81
5,1165,95
1,1166,97
2,1166,81
3,1166,103
4,1166,88
5,1166,86
1,1167,95
2,1167,110
3,1167,99
4,1167,84
5,1167,102
1,1168,89
2,1168,98
3,1168,106
4,1168,85
5,1168,85
1,1169,109
2,1169,109
3,1169,98
4,1169,110
5,1169,86
1,1170,85
2,1170,91
3,1170,109
4,1170,96
5,1170,98
1,1171,84
2,1171,101
3,1171,89
4,1171,94
5,1171,83
1,1172,88
2,1172,94
3,1172,90
4,1172,110
5,1172,104
1,1173,100
2,1173,88
3,1173,107
4,1173,94
5,1173,103
1,1174,81
2,1174,94
3,1174,101
4,1174,92
5,1174,101
1,1175,101
2,1175,83
3,1175,94
4,1175,97
5,1175,87
1,1176,87
2,1176,103
3,1176,93
4,1176,105
5,1176,92
1,1177,98
2,1177,97
3,1177,106
4,1177,107
5,1177,83
1,1178,81
2,1178,108
3,1178,86
4,1178,109
5,1178,97
1,1179,95
2,1179,85
3,1179,98
4,1179,107
5,1179,91
1,1180,99
2,1180,80
3,1180,86
4,1180,93
5,1180,90
1,1181,110
2,1181,99
3,1181,104
4,1181,87
5,1181,110
1,1182,94
2,1182,84
3,1182,90
4,1182,85
5,1182,95
1,1183,110
2,1183,83
3,1183,85
4,1183,90
5,1183,91
1,1184,86
2,1184,103
3,1184,87
4,1184,95
5,1184,101
1,1185,86
2,1185,101
3,1185,106
4,1185,107
5,1185,95
1,1186,109
2,1186,86
3,1186,94
4,1186,95
5,1186,105
1,1187,109
2,1187,86
3,1187,99
4,1187,85
5,1187,82
1,1188,99
2,1188,99
3,1188,93
4,1188,88
5,1188,85
1,1189,85
2,1189,103
3,1189,98
4,1189,95
5,1189,92
1,1190,87
2,1190,81
3,1190,93
4,1190,103
5,1190,107
1,1191,88
2,1191,96
3,1191,84
4,1191,80
5,1191,98
1,1192,96
2,1192,85
3,1192,105
4,1192,98
5,1192,87
1,1193,106
2,1193,89
3,1193,97
4,1193,86
5,1193,108
1,1194,109
2,1194,83
3,1194,85
4,1194,94
5,1194,105
1,1195,100
2,1195,89
3,1195,96
4,1195,96
5,1195,81
1,1196,83
2,1196,89
3,1196,92
4,1196,103
5,1196,102
1,1197,103
2,1197,84
3,1197,94
4,1197,100
5,1197,107
1,1198,84
2,1198,107
3,1198,107
4,1198,100
5,1198,109
1,1199,99
2,1199,91
3,1199,99
4,1199,80
5,1199,108
1,1200,81
2,1200,107
3,1200,90
4,1200,83
5,1200,100
1,1201,92
2,1201,102
3,1201,109
4,1201,80
5,1201,108
1,1202,97
2,1202,94
3,1202,82
4,1202,92
5,1202,105
1,1203,84
2,1203,103
3,1203,97
4,1203,95
5,1203,87
1,1204,110
2,1204,90
3,1204,95
4,1204,83
5,1204,89
1,1205,103
2,1205,90
3,1205,92
4,1205,83
5,1205,97
1,1206,102
2,1206,101
3,1206,90
4,1206,83
5,1206,93
1,1207,95
2,1207,80
3,1207,83
4,1207,93
5,1207,82
1,1208,98
2,1208,91
3,1208,85
4,1208,98
5,1208,85
1,1209,106
2,1209,95
3,1209,81
4,1209,106
5,1209,110
1,1210,101
2,1210,89
3,1210,106
4,1210,89
5,1210,98
1,1211,97
2,1211,106
3,1211,95
4,1211,80
5,1211,80
1,1212,94
2,1212,89
3,1212,107
4,1212,90
5,1212,99
1,1213,83
2,1213,85
3,1213,102
4,1213,89
5,1213,86
1,1214,109
2,1214,108
3,1214,106
4,1214,103
5,1214,90
1,1215,93
2,1215,95
3,1215,88
4,1215,100
5,1215,105
1,1216,95
2,1216,102
3,1216,95
4,1216,87
5,1216,105
1,1217,92
2,1217,85
3,1217,100
4,1217,107
5,1217,86
1,1218,99
2,1218,102
3,1218,89
4,1218,108
5,1218,82
1,1219,82
2,1219,85
3,1219,85
4,1219,91
5,1219,84
1,1220,102
2,1220,98
3,1220,109
4,1220,83
5,1220,96
1,1221,105
2,1221,107
3,1221,81
4,1221,87
5,1221,97
1,1222,99
2,1222,98
3,1222,87
4,1222,83
5,1222,93
1,1223,95
2,1223,99
3,1223,108
4,1223,86
5,1223,101
1,1224,99
2,1224,107
3,1224,84
4,1224,98
5,1224,82
1,1225,90
2,1225,83
3,1225,96
4,1225,95
5,1225,92
1,1226,95
2,1226,110
3,1226,89
4,1226,99
5,1226,105
1,1227,104
2,1227,103
3,1227,86
4,1227,82
5,1227,99
1,1228,83
2,1228,90
3,1228,95
4,1228,87
5,1228,86
1,1229,100
2,1229,91
3,1229,103
4,1229,108
5,1229,82
1,1230,102
2,1230,97
3,1230,82
4,1230,87
5,1230,98
1,1231,98
2,1231,87
3,1231,82
4,1231,88
5,1231,108
1,1232,99
2,1232,95
3,1232,96
4,1232,96
5,1232,108
1,1233,99
2,1233,106
3,1233,102
4,1233,97
5,1233,92
1,1234,103
2,1234,105
3,1234,110
4,1234,110
5,1234,101
1,1235,84
2,1235,82
3,1235,104
4,1235,92
5,1235,103
1,1236,88
2,1236,86
3,1236,85
4,1236,99
5,1236,94
1,1237,92
2,1237,110
3,1237,93
4,1237,87
5,1237,80
1,1238,82
2,1238,100
3,1238,89
4,1238,93
5,1238,102
1,1239,81
2,1239,97
3,1239,99
4,1239,110
5,1239,100
1,1240,82
2,1240,102
3,1240,97
4,1240,105
5,1240,109
1,1241,87
2,1241,108
3,1241,84
4,1241,104
5,1241,90
1,1242,102
2,1242,96
3,1242,95
4,1242,98
5,1242,88
1,1243,110
2,1243,80
3,1243,93
4,1243,84
5,1243,102
1,1244,97
2,1244,84
3,1244,86
4,1244,92
5,1244,101
1,1245,81
2,1245,90
3,1245,107
4,1245,107
5,1245,96
1,1246,91
2,1246,92
3,1246,90
4,1246,83
5,1246,98
1,1247,86
2,1247,101
3,1247,97
4,1247,105
5,1247,100
1,1248,93
2,1248,98
3,1248,92
4,1248,87
5,1248,87
1,1249,87
2,1249,101
3,1249,88
4,1249,106
5,1249,104
1,1250,94
2,1250,88
3,1250,80
4,1250,108
5,1250,88
1,1251,109
2,1251,83
3,1251,82
4,1251,105
5,1251,109
1,1252,103
2,1252,107
3,1252,100
4,1252,90
5,1252,104
1,1253,95
2,1253,98
3,1253,90
4,1253,94
5,1253,97
1,1254,92
2,1254,102
3,1254,83
4,1254,105
5,1254,107
1,1255,109
2,1255,106
3,1255,91
4,1255,106
5,1255,83
1,1256,107
2,1256,109
3,1256,95
4,1256,92
5,1256,97
1,1257,83
2,1257,97
3,1257,84
4,1257,105
5,1257,103
1,1258,90
2,1258,83
3,1258,83
4,1258,100
5,1258,99
1,1259,92
2,1259,87
3,1259,91
4,1259,105
5,1259,91
1,1260,86
2,1260,105
3,1260,87
4,1260,107
5,1260,86
1,1261,87
2,1261,98
3,1261,99
4,1261,90
5,1261,86
1,1262,103
2,1262,99
3,1262,109
4,1262,104
5,1262,89
1,1263,86
2,1263,99
3,1263,85
4,1263,93
5,1263,83
1,1264,110
2,1264,83
3,1264,95
4,1264,104
5,1264,104
1,1265,100
2,1265,83
3,1265,92
4,1265,105
5,1265,105
1,1266,84
2,1266,83
3,1266,92
4,1266,87
5,1266,84
1,1267,100
2,1267,100
3,1267,104
4,1267,86
5,1267,106
1,1268,94
2,1268,106
3,1268,108
4,1268,97
5,1268,86
1,1269,95
2,1269,90
3,1269,80
4,1269,98
5,1269,89
1,1270,102
2,1270,103
3,1270,92
4,1270,108
5,1270,84
1,1271,107
2,1271,92
3,1271,81
4,1271,98
5,1271,97
1,1272,87
2,1272,98
3,1272,110
4,1272,109
5,1272,96
1,1273,83
2,1273,82
3,1273,84
4,1273,103
5,1273,110
1,1274,86
2,1274,90
3,1274,86
4,1274,82
5,1274,107
1,1275,107
2,1275,88
3,1275,106
4,1275,98
5,1275,85
1,1276,80
2,1276,94
3,1276,110
4,1276,109
5,1276,85
1,1277,100
2,1277,89
3,1277,91
4,1277,100
5,1277,105
1,1278,87
2,1278,96
3,1278,89
4,1278,106
5,1278,87
1,1279,89
2,1279,108
3,1279,106
4,1279,99
5,1279,80
1,1280,92
2,1280,89
3,1280,98
4,1280,95
5,1280,90
1,1281,84
2,1281,101
3,1281,83
4,1281,109
5,1281,99
1,1282,101
2,1282,97
3,1282,100
4,1282,83
5,1282,98
1,1283,84
2,1283,96
3,1283,99
4,1283,87
5,1283,99
1,1284,104
2,1284,86
3,1284,109
4,1284,110
5,1284,89
1,1285,83
2,1285,83
3,1285,106
4,1285,108
5,1285,88
1,1286,85
2,1286,83
3,1286,105
4,1286,102
5,1286,109
1,1287,95
2,1287,97
3,1287,106
4,1287,104
5,1287,108
1,1288,95
2,1288,85
3,1288,95
4,1288,106
5,1288,102
1,1289,84
2,1289,92
3,1289,101
4,1289,106
5,1289,100
1,1290,93
2,1290,89
3,1290,95
4,1290,81
5,1290,95
1,1291,97
2,1291,95
3,1291,98
4,1291,102
5,1291,88
1,1292,84
2,1292,100
3,1292,86
4,1292,105
5,1292,103
1,1293,103
2,1293,86
3,1293,92
4,1293,102
5,1293,99
1,1294,94
2,1294,84
3,1294,87
4,1294,101
5,1294,110
1,1295,94
2,1295,93
3,1295,95
4,1295,96
5,1295,91
1,1296,80
2,1296,99
3,1296,106
4,1296,106
5,1296,93
1,1297,109
2,1297,92
3,1297,97
4,1297,120
5,1297,104
1,1298,105
2,1298,98
3,1298,87
4,1298,109
5,1298,94
1,1299,100
2,1299,94
3,1299,95
4,1299,104
5,1299,82
1,1300,90
2,1300,106
3,1300,90
4,1300,86
5,1300,93
1,1301,109
2,1301,80
3,1301,95
4,1301,99
5,1301,92
1,1302,101
2,1302,101
3,1302,103
4,1302,108
5,1302,82
1,1303,86
2,1303,94
3,1303,90
4,1303,94
5,1303,109
1,1304,85
2,1304,95
3,1304,102
4,1304,96
5,1304,98
1,1305,100
2,1305,97
3,1305,91
4,1305,80
5,1305,110
1,1306,88
2,1306,101
3,1306,85
4,1306,97
5,1306,86
1,1307,84
2,1307,89
3,1307,98
4,1307,89
5,1307,100
1,1308,86
2,1308,86
3,1308,85
4,1308,111
5,1308,93
1,1309,110
2,1309,93
3,1309,81
4,1309,88
5,1309,106
1,1310,91
2,1310,102
3,1310,90
4,1310,82
5,1310,110
1,1311,99
2,1311,92
3,1311,89
4,1311,108
5,1311,87
1,1312,88
2,1312,91
3,1312,80
4,1312,90
5,1312,102
1,1313,110
2,1313,108
3,1313,85
4,1313,85
5,1313,109
1,1314,86
2,1314,95
3,1314,102
4,1314,81
5,1314,82
1,1315,103
2,1315,101
3,1315,84
4,1315,83
5,1315,101
1,1316,95
2,1316,88
3,1316,90
4,1316,89
5,1316,106
1,1317,84
2,1317,105
3,1317,102
4,1317,102
5,1317,108
1,1318,106
2,1318,109
3,1318,97
4,1318,81
5,1318,84
1,1319,80
2,1319,88
3,1319,102
4,1319,94
5,1319,103
1,1320,95
2,1320,103
3,1320,97
4,1320,80
5,1320,92
1,1321,89
2,1321,82
3,1321,88
4,1321,99
5,1321,85
1,1322,83
2,1322,86
3,1322,107
4,1322,82
5,1322,110
1,1323,106
2,1323,85
3,1323,80
4,1323,96
5,1323,100
1,1324,83
2,1324,86
3,1324,106
4,1324,91
5,1324,106
1,1325,107
2,1325,92
3,1325,103
4,1325,107
5,1325,105
1,1326,87
2,1326,81
3,1326,87
4,1326,103
5,1326,108
1,1327,83
2,1327,85
3,1327,87
4,1327,85
5,1327,107
1,1328,108
2,1328,108
3,1328,101
4,1328,100
5,1328,101
1,1329,106
2,1329,110
3,1329,108
4,1329,94
5,1329,86
1,1330,80
2,1330,86
3,1330,86
4,1330,83
5,1330,90
1,1331,80
2,1331,93
3,1331,103
4,1331,94
5,1331,91
1,1332,98
2,1332,94
3,1332,81
4,1332,98
5,1332,85
1,1333,102
2,1333,97
3,1333,99
4,1333,107
5,1333,89
1,1334,96
2,1334,91
3,1334,86
4,1334,109
5,1334,93
1,1335,91
2,1335,105
3,1335,100
4,1335,92
5,1335,94
1,1336,103
2,1336,110
3,1336,80
4,1336,101
5,1336,100
1,1337,86
2,1337,88
3,1337,89
4,1337,82
5,1337,94
1,1338,106
2,1338,82
3,1338,100
4,1338,108
5,1338,85
1,1339,82
2,1339,97
3,1339,93
4,1339,86
5,1339,110
1,1340,89
2,1340,89
3,1340,103
4,1340,98
5,1340,83
1,1341,82
2,1341,88
3,1341,107
4,1341,107
5,1341,101
1,1342,94
2,1342,100
3,1342,87
4,1342,103
5,1342,109
1,1343,85
2,1343,84
3,1343,82
4,1343,89
5,1343,102
1,1344,99
2,1344,103
3,1344,94
4,1344,94
5,1344,98
1,1345,104
2,1345,108
3,1345,96
4,1345,96
5,1345,89
1,1346,85
2,1346,103
3,1346,93
4,1346,87
5,1346,105
1,1347,99
2,1347,109
3,1347,82
4,1347,101
5,1347,80
1,1348,84
2,1348,102
3,1348,85
4,1348,87
5,1348,90
1,1349,86
2,1349,97
3,1349,107
4,1349,101
5,1349,88
1,1350,98
2,1350,93
3,1350,94
4,1350,81
5,1350,102
1,1351,106
2,1351,110
3,1351,99
4,1351,110
5,1351,95
1,1352,95
2,1352,99
3,1352,87
4,1352,88
5,1352,105
1,1353,105
2,1353,80
3,1353,96
4,1353,92
5,1353,99
1,1354,106
2,1354,92
3,1354,107
4,1354,96
5,1354,110
1,1355,84
2,1355,103
3,1355,86
4,1355,81
5,1355,110
1,1356,91
2,1356,108
3,1356,105
4,1356,90
5,1356,89
1,1357,103
2,1357,103
3,1357,109
4,1357,85
5,1357,93
1,1358,100
2,1358,92
3,1358,88
4,1358,86
5,1358,110
1,1359,103
2,1359,91
3,1359,88
4,1359,99
5,1359,87
1,1360,95
2,1360,98
3,1360,86
4,1360,91
5,1360,109
1,1361,94
2,1361,104
3,1361,99
4,1361,83
5,1361,107
1,1362,88
2,1362,84
3,1362,109
4,1362,82
5,1362,109
1,1363,106
2,1363,104
3,1363,106
4,1363,107
5,1363,100
1,1364,109
2,1364,87
3,1364,80
4,1364,94
5,1364,94
1,1365,103
2,1365,110
3,1365,106
4,1365,106
5,1365,97
1,1366,86
2,1366,92
3,1366,81
4,1366,84
5,1366,101
1,1367,83
2,1367,98
3,1367,105
4,1367,109
5,1367,110
1,1368,103
2,1368,81
3,1368,89
4,1368,90
5,1368,97
1,1369,107
2,1369,90
3,1369,81
4,1369,106
5,1369,87
1,1370,90
2,1370,93
3,1370,88
4,1370,107
5,1370,105
1,1371,88
2,1371,81
3,1371,86
4,1371,82
5,1371,110
1,1372,97
2,1372,108
3,1372,107
4,1372,91
5,1372,109
1,1373,91
2,1373,106
3,1373,82
4,1373,108
5,1373,106
1,1374,97
2,1374,103
3,1374,85
4,1374,104
5,1374,101
1,1375,109
2,1375,105
3,1375,93
4,1375,95
5,1375,106
1,1376,103
2,1376,92
3,1376,105
4,1376,91
5,1376,84
1,1377,80
2,1377,93
3,1377,100
4,1377,88
5,1377,90
1,1378,97
2,1378,109
3,1378,80
4,1378,81
5,1378,106
1,1379,86
2,1379,80
3,1379,87
4,1379,98
5,1379,110
1,1380,106
2,1380,87
3,1380,104
4,1380,104
5,1380,82
1,1381,83
2,1381,87
3,1381,87
4,1381,82
5,1381,96
1,1382,100
2,1382,90
3,1382,100
4,1382,105
5,1382,96
1,1383,95
2,1383,103
3,1383,104
4,1383,88
5,1383,88
1,1384,80
2,1384,105
3,1384,108
4,1384,100
5,1384,99
1,1385,99
2,1385,106
3,1385,84
4,1385,92
5,1385,105
1,1386,94
2,1386,106
3,1386,81
4,1386,88
5,1386,86
1,1387,86
2,1387,109
3,1387,91
4,1387,108
5,1387,90
1,1388,104
2,1388,90
3,1388,87
4,1388,93
5,1388,80
1,1389,99
2,1389,98
3,1389,82
4,1389,106
5,1389,98
1,1390,87
2,1390,85
3,1390,91
4,1390,84
5,1390,100
1,1391,94
2,1391,84
3,1391,105
4,1391,102
5,1391,85
1,1392,84
2,1392,101
3,1392,109
4,1392,110
5,1392,85
1,1393,108
2,1393,87
3,1393,101
4,1393,89
5,1393,110
1,1394,108
2,1394,91
3,1394,102
4,1394,82
5,1394,91
1,1395,90
2,1395,92
3,1395,81
4,1395,93
5,1395,90
1,1396,86
2,1396,107
3,1396,88
4,1396,104
5,1396,80
1,1397,87
2,1397,95
3,1397,106
4,1397,85
5,1397,106
1,1398,93
2,1398,98
3,1398,85
4,1398,83
5,1398,98
1,1399,81
2,1399,87
3,1399,102
4,1399,83
5,1399,91
1,1400,90
2,1400,88
3,1400,103
4,1400,94
5,1400,87
1,1401,106
2,1401,83
3,1401,106
4,1401,97
5,1401,109
1,1402,110
2,1402,80
3,1402,85
4,1402,81
5,1402,100
1,1403,103
2,1403,98
3,1403,87
4,1403,96
5,1403,107
1,1404,84
2,1404,105
3,1404,90
4,1404,88
5,1404,91
1,1405,80
2,1405,103
3,1405,95
4,1405,105
5,1405,106
1,1406,94
2,1406,99
3,1406,97
4,1406,106
5,1406,109
1,1407,95
2,1407,94
3,1407,93
4,1407,85
5,1407,96
1,1408,100
2,1408,109
3,1408,104
4,1408,105
5,1408,97
1,1409,107
2,1409,91
3,1409,103
4,1409,104
5,1409,88
1,1410,83
2,1410,94
3,1410,94
4,1410,110
5,1410,101
1,1411,93
2,1411,82
3,1411,92
4,1411,100
5,1411,101
1,1412,106
2,1412,83
3,1412,84
4,1412,100
5,1412,86
1,1413,96
2,1413,86
3,1413,99
4,1413,87
5,1413,100
1,1414,93
2,1414,104
3,1414,96
4,1414,92
5,1414,84
1,1415,99
2,1415,109
3,1415,80
4,1415,100
5,1415,93
1,1416,86
2,1416,91
3,1416,92
4,1416,82
5,1416,101
1,1417,86
2,1417,95
3,1417,87
4,1417,110
5,1417,83
1,1418,93
2,1418,92
3,1418,102
4,1418,108
5,1418,101
1,1419,85
2,1419,94
3,1419,83
4,1419,92
5,1419,93
1,1420,98
2,1420,85
3,1420,81
4,1420,109
5,1420,98
1,1421,80
2,1421,93
3,1421,84
4,1421,88
5,1421,109
1,1422,98
2,1422,87
3,1422,85
4,1422,100
5,1422,83
1,1423,86
2,1423,100
3,1423,90
4,1423,108
5,1423,108
1,1424,97
2,1424,100
3,1424,88
4,1424,107
5,1424,81
1,1425,106
2,1425,97
3,1425,81
4,1425,81
5,1425,109
1,1426,98
2,1426,109
3,1426,93
4,1426,99
5,1426,82
1,1427,99
2,1427,93
3,1427,85
4,1427,96
5,1427,93
1,1428,83
2,1428,91
3,1428,81
4,1428,80
5,1428,88
1,1429,95
2,1429,95
3,1429,100
4,1429,102
5,1429,96
1,1430,93
2,1430,84
3,1430,80
4,1430,80
5,1430,103
1,1431,94
2,1431,108
3,1431,100
4,1431,107
5,1431,80
1,1432,105
2,1432,110
3,1432,109
4,1432,98
5,1432,105
1,1433,91
2,1433,85
3,1433,108
4,1433,98
5,1433,82
1,1434,95
2,1434,82
3,1434,100
4,1434,96
5,1434,103
1,1435,106
2,1435,92
3,1435,94
4,1435,98
5,1435,108
1,1436,92
2,1436,105
3,1436,98
4,1436,85
5,1436,83
1,1437,110
2,1437,80
3,1437,81
4,1437,110
5,1437,82
1,1438,93
2,1438,109
3,1438,106
4,1438,98
5,1438,103
1,1439,80
2,1439,92
3,1439,103
4,1439,83
5,1439,81
1,1440,81
2,1440,102
3,1440,105
4,1440,87
5,1440,105
1,1441,93
2,1441,100
3,1441,107
4,1441,102
5,1441,81
1,1442,108
2,1442,107
3,1442,110
4,1442,95
5,1442,89
1,1443,92
2,1443,104
3,1443,85
4,1443,99
5,1443,109
1,1444,88
2,1444,98
3,1444,107
4,1444,95
5,1444,88
1,1445,93
2,1445,96
3,1445,108
4,1445,103
5,1445,82
1,1446,109
2,1446,92
3,1446,87
4,1446,94
5,1446,80
1,1447,108
2,1447,97
3,1447,109
4,1447,87
5,1447,85
1,1448,85
2,1448,101
3,1448,104
4,1448,108
5,1448,91
1,1449,83
2,1449,107
3,1449,81
4,1449,106
5,1449,94
1,1450,102
2,1450,82
3,1450,92
4,1450,97
5,1450,100
1,1451,90
2,1451,97
3,1451,82
4,1451,86
5,1451,94
1,1452,93
2,1452,98
3,1452,97
4,1452,86
5,1452,87
1,1453,93
2,1453,106
3,1453,80
4,1453,109
5,1453,101
1,1454,98
2,1454,106
3,1454,110
4,1454,94
5,1454,84
1,1455,103
2,1455,92
3,1455,94
4,1455,92
5,1455,110
1,1456,84
2,1456,108
3,1456,109
4,1456,100
5,1456,94
1,1457,93
2,1457,83
3,1457,90
4,1457,88
5,1457,81
1,1458,98
2,1458,101
3,1458,91
4,1458,88
5,1458,99
1,1459,93
2,1459,110
3,1459,99
4,1459,82
5,1459,84
1,1460,88
2,1460,82
3,1460,108
4,1460,89
5,1460,107
1,1461,99
2,1461,80
3,1461,104
4,1461,95
5,1461,101
1,1462,96
2,1462,109
3,1462,106
4,1462,104
5,1462,106
1,1463,92
2,1463,109
3,1463,108
4,1463,88
5,1463,106
1,1464,102
2,1464,89
3,1464,93
4,1464,96
5,1464,100
1,1465,101
2,1465,92
3,1465,108
4,1465,96
5,1465,106
1,1466,91
2,1466,82
3,1466,91
4,1466,95
5,1466,107
1,1467,95
2,1467,100
3,1467,80
4,1467,101
5,1467,80
1,1468,109
2,1468,94
3,1468,87
4,1468,103
5,1468,100
1,1469,106
2,1469,92
3,1469,98
4,1469,83
5,1469,92
1,1470,84
2,1470,81
3,1470,107
4,1470,102
5,1470,98
1,1471,91
2,1471,100
3,1471,86
4,1471,91
5,1471,98
1,1472,82
2,1472,94
3,1472,89
4,1472,81
5,1472,110
1,1473,88
2,1473,93
3,1473,86
4,1473,82
5,1473,101
1,1474,91
2,1474,106
3,1474,107
4,1474,83
5,1474,86
1,1475,105
2,1475,90
3,1475,98
4,1475,81
5,1475,104
1,1476,87
2,1476,87
3,1476,89
4,1476,86
5,1476,109
1,1477,94
2,1477,82
3,1477,91
4,1477,84
5,1477,100
1,1478,110
2,1478,88
3,1478,89
4,1478,107
5,1478,101
1,1479,81
2,1479,89
3,1479,105
4,1479,102
5,1479,91
1,1480,91
2,1480,90
3,1480,102
4,1480,88
5,1480,105
1,1481,84
2,1481,96
3,1481,83
4,1481,82
5,1481,98
1,1482,82
2,1482,96
3,1482,83
4,1482,107
5,1482,84
1,1483,94
2,1483,93
3,1483,87
4,1483,94
5,1483,91
1,1484,103
2,1484,95
3,1484,85
4,1484,91
5,1484,96
1,1485,84
2,1485,80
3,1485,106
4,1485,107
5,1485,82
1,1486,82
2,1486,82
3,1486,104
4,1486,109
5,1486,97
1,1487,80
2,1487,83
3,1487,106
4,1487,83
5,1487,88
1,1488,101
2,1488,90
3,1488,80
4,1488,91
5,1488,104
1,1489,108
2,1489,84
3,1489,85
4,1489,91
5,1489,110
1,1490,102
2,1490,106
3,1490,101
4,1490,95
5,1490,89
1,1491,90
2,1491,84
3,1491,87
4,1491,91
5,1491,100
1,1492,92
2,1492,89
3,1492,86
4,1492,95
5,1492,84
1,1493,96
2,1493,94
3,1493,99
4,1493,88
5,1493,81
1,1494,102
2,1494,96
3,1494,108
4,1494,83
5,1494,96
1,1495,89
2,1495,82
3,1495,108
4,1495,104
5,1495,82
1,1496,109
2,1496,107
3,1496,95
4,1496,90
5,1496,81
1,1497,96
2,1497,85
3,1497,92
4,1497,110
5,1497,105
1,1498,89
2,1498,81
3,1498,81
4,1498,85
5,1498,93
1,1499,92
2,1499,96
3,1499,110
4,1499,101
5,1499,106
1,1500,108
2,1500,87
3,1500,90
4,1500,81
5,1500,101
1,1501,84
2,1501,81
3,1501,104
4,1501,97
5,1501,83
1,1502,98
2,1502,88
3,1502,96
4,1502,98
5,1502,85
1,1503,91
2,1503,101
3,1503,81
4,1503,82
5,1503,101
1,1504,102
2,1504,93
3,1504,89
4,1504,80
5,1504,90
1,1505,104
2,1505,99
3,1505,92
4,1505,99
5,1505,90
1,1506,97
2,1506,83
3,1506,96
4,1506,85
5,1506,87
1,1507,101
2,1507,90
3,1507,101
4,1507,94
5,1507,106
1,1508,104
2,1508,91
3,1508,90
4,1508,87
5,1508,95
1,1509,106
2,1509,85
3,1509,95
4,1509,100
5,1509,92
1,1510,82
2,1510,100
3,1510,110
4,1510,108
5,1510,91
1,1511,100
2,1511,103
3,1511,106
4,1511,95
5,1511,102
1,1512,101
2,1512,98
3,1512,98
4,1512,104
5,1512,88
1,1513,107
2,1513,108
3,1513,94
4,1513,81
5,1513,82
1,1514,110
2,1514,85
3,1514,92
4,1514,101
5,1514,81
1,1515,110
2,1515,82
3,1515,83
4,1515,100
5,1515,90
1,1516,86
2,1516,107
3,1516,83
4,1516,91
5,1516,90
1,1517,88
2,1517,81
3,1517,90
4,1517,84
5,1517,105
1,1518,81
2,1518,99
3,1518,104
4,1518,81
5,1518,91
1,1519,97
2,1519,92
3,1519,85
4,1519,100
5,1519,109
1,1520,106
2,1520,86
3,1520,104
4,1520,104
5,1520,90
1,1521,85
2,1521,108
3,1521,93
4,1521,99
5,1521,110
1,1522,82
2,1522,101
3,1522,82
4,1522,80
5,1522,93
1,1523,87
2,1523,90
3,1523,110
4,1523,103
5,1523,99
1,1524,89
2,1524,91
3,1524,95
4,1524,96
5,1524,100
1,1525,80
2,1525,102
3,1525,94
4,1525,87
5,1525,95
1,1526,88
2,1526,101
3,1526,83
4,1526,84
5,1526,81
1,1527,110
2,1527,93
3,1527,101
4,1527,103
5,1527,83
1,1528,98
2,1528,107
3,1528,89
4,1528,90
5,1528,80
1,1529,80
2,1529,107
3,1529,89
4,1529,90
5,1529,106
1,1530,92
2,1530,90
3,1530,99
4,1530,94
5,1530,98
1,1531,104
2,1531,95
3,1531,107
4,1531,106
5,1531,104
1,1532,92
2,1532,100
3,1532,99
4,1532,99
5,1532,90
1,1533,91
2,1533,92
3,1533,102
4,1533,103
5,1533,82
1,1534,87
2,1534,93
3,1534,100
4,1534,90
5,1534,82
1,1535,83
2,1535,86
3,1535,96
4,1535,92
5,1535,107
1,1536,99
2,1536,93
3,1536,86
4,1536,92
5,1536,102
1,1537,105
2,1537,84
3,1537,98
4,1537,100
5,1537,103
1,1538,99
2,1538,98
3,1538,99
4,1538,110
5,1538,97
1,1539,105
2,1539,82
3,1539,107
4,1539,95
5,1539,92
1,1540,84
2,1540,109
3,1540,83
4,1540,86
5,1540,110
1,1541,96
2,1541,87
3,1541,109
4,1541,96
5,1541,97
1,1542,104
2,1542,83
3,1542,108
4,1542,91
5,1542,87
1,1543,85
2,1543,81
3,1543,101
4,1543,100
5,1543,101
1,1544,83
2,1544,110
3,1544,104
4,1544,102
5,1544,87
1,1545,89
2,1545,100
3,1545,103
4,1545,105
5,1545,82
1,1546,86
2,1546,104
3,1546,90
4,1546,90
5,1546,81
1,1547,100
2,1547,103
3,1547,87
4,1547,107
5,1547,86
1,1548,94
2,1548,108
3,1548,98
4,1548,106
5,1548,80
1,1549,107
2,1549,106
3,1549,108
4,1549,80
5,1549,96
1,1550,103
2,1550,104
3,1550,98
4,1550,110
5,1550,107
